-- phpMyAdmin SQL Dump
-- version 4.7.2
-- https://www.phpmyadmin.net/
--
-- Host: 127.0.0.1
-- Generation Time: Jul 22, 2017 at 06:37 AM
-- Server version: 5.5.52-MariaDB
-- PHP Version: 7.0.20

SET SQL_MODE = "NO_AUTO_VALUE_ON_ZERO";
SET AUTOCOMMIT = 0;
START TRANSACTION;
SET time_zone = "+00:00";


/*!40101 SET @OLD_CHARACTER_SET_CLIENT=@@CHARACTER_SET_CLIENT */;
/*!40101 SET @OLD_CHARACTER_SET_RESULTS=@@CHARACTER_SET_RESULTS */;
/*!40101 SET @OLD_COLLATION_CONNECTION=@@COLLATION_CONNECTION */;
/*!40101 SET NAMES utf8mb4 */;

--
-- Database: `thanhthaimobile`
--

-- --------------------------------------------------------

--
-- Table structure for table `tb_baiviet`
--

CREATE TABLE `tb_baiviet` (
  `id` int(11) NOT NULL,
  `ten` text COLLATE utf8_unicode_ci NOT NULL,
  `duongdan` text COLLATE utf8_unicode_ci NOT NULL,
  `hinh` text COLLATE utf8_unicode_ci NOT NULL,
  `ndtomtat` text COLLATE utf8_unicode_ci NOT NULL,
  `noidung` text COLLATE utf8_unicode_ci NOT NULL,
  `thoigiandang` text COLLATE utf8_unicode_ci NOT NULL,
  `luotxem` bigint(20) NOT NULL,
  `anhien` tinyint(4) NOT NULL,
  `loai` text COLLATE utf8_unicode_ci NOT NULL,
  `stt` int(11) NOT NULL
) ENGINE=InnoDB DEFAULT CHARSET=utf8 COLLATE=utf8_unicode_ci;

--
-- Dumping data for table `tb_baiviet`
--

INSERT INTO `tb_baiviet` (`id`, `ten`, `duongdan`, `hinh`, `ndtomtat`, `noidung`, `thoigiandang`, `luotxem`, `anhien`, `loai`, `stt`) VALUES
(1, '[Góc nhìn] Khi iPhone rẻ đến mức phổ cập bình dân !!', 'goc-nhin', 'images/tintuc/1-1.png', 'Khi iPhone rẻ đến mức phổ cập bình dân !!', 'Chúng ta đã quá quen thuộc với những chiếc Smartphone đẳng cấp có giá cao ngất ngưởng của Apple. Nó đã phần nào tạo nên thương hiệu đẳng cấp của hãng nói chung và của người dùng nói riêng.  Tuy nhiên những năm gần đây, những sản phẩm cũ của iPhone đã dần bị bão hòa, chúng không còn là sản phẩm giữ được giá trị cao, chúng ngày càng rẻ đi và xuất hiện ở nhiều phân khúc giá khác nhau, thậm chí ở cả tầm giá phổ thông. Bây giờ iPhone suất hiện ở khắp mọi nơi và ai cũng có thể sử dụng.<br />\r\nCùng thời điểm này ở vài năm về trước, iPhone 5S có giá bán khoảng 14 – 15 triệu đồng cho phiên bản 16GB còn bản Lock chỉ có giá thấp hơn một chút, tuy nhiên đến thời điểm hiện tại iPhone 5s 16GB ở bản quốc tế có giá chỉ 3.690.000đ, quá thấp so với mức giá khi máy được ra mắt. Còn đối với iPhone 5s Lock bản 16GB đang sở hữu giá 2.690.000đ. Giờ đây người dùng hoàn toàn có thể sở hữu dễ dàng một chiếc điện thoại nổi bật mang thương hiệu nổi tiếng Apple.<br />\r\nTuy nhiên ở mỗi thời điểm một khác, iPhone có giá thấp hơn cùng với những ưu đãi hoàn hảo như:\r\n<br />\r\n– Tặng full combo\r\n<br />\r\n– Tặng sim ghép\r\n<br />\r\n– Được fix lỗi hoàn toàn miễn phí\r\n<br />\r\n– Chất lượng bảo hành đảm bảo 1 đổi 1 trong vòng 9 tháng\r\n<br />\r\n– …\r\n<br />\r\n nhưng không mấy khách hàng mặn mà với chúng.\r\n<br />\r\nCó thể là iPhone cũng không còn là dòng smartphone giữ giá khi mua đi bán lại như trước vì giờ chúng đã quá phổ biến. Thế nhưng trên thực tế, iPhone vẫn là chiếc điện thoại rất được ưa chuộng tại Việt Nam, dù là đời mới hay cũ. Theo nhiều cửa hàng chuyên kinh doanh điện thoại thì các dòng iPhone 6, 6 Plus hay 5S và thậm chí là iPhone 5 vẫn bán rất tốt, thậm chí nó còn chạy hơn nhiều so với dòng Android cùng tầm giá.\r\n<br />\r\niPhone 5s Là một sản phẩm luôn đáng mua trong những năm tới đây, bởi nó sở hữu mức giá hấp dẫn, thiết kế vẫn không hề lỗi thời mà ngược lại rất sang trọng và tinh tế,… Đặc biệt là thương hiệu số một.\r\n<br />\r\nVới màn hình chỉ 4 inch không thể nhỏ gọn hơn, iPhone 5s tự tin nằm gọn trong lòng bàn tay của hầu hết người dùng, đặc biệt là phái nữ – giúp bạn cầm nắm và sử dụng tiện hơn.\r\n<br />\r\nNếu bạn đã từng rất ưa kiểu dáng thiết kế cũng như chất liệu của iPhone 5, thì với bản sao iPhone 5s cũng không hề ngoại lệ. Dĩ nhiên, thế hệ sau luôn hoàn thiện hơn thế hệ trước. Và phiên bản iPhone 5s màu vàng Champagne đã vô cùng thành công sau khi được tung ra thị trường – điểm sáng mà trước đó iPhone 5 trước chưa làm được.', '1499100600', 38, 1, 'tintuc', 1),
(2, 'iPhone 6 Plus CPO xuất hiện trở lại, nguồn gốc ra sao và có lợi thế gì với hàng likenew?', 'iphong6', 'images/tintuc/4-1.png', 'iPhone 6 Plus CPO xuất hiện trở lại, nguồn gốc ra sao và có lợi thế gì với hàng likenew?', 'Bên cạnh những phiên bản iPhone chính hãng và iPhone cũ, thì sản phẩm iPhone với tên gọi là CPO ( Certified Pre-Owned ) đã xuất hiện khá lâu và nhận được sự quan tâm của đông đảo khách hàng trên thị trường với mức giá rất hấp dẫn. iPhone 6 Plus CPO nói chung và iPhone 6 Plus likenew nói riêng, không khác gì so với hàng mới, chưa sử dụng?\r\n<br />\r\niPhone 6 plus CPO là những chiếc iPhone đã trải qua quá trình kiểm tra vô cùng nghiêm ngặt của Apple đến lần thứ 2 đối với những máy có vấn đề phát sinh lỗi trong quá trình xuất xưởng. Những chiếc iPhone 6 plus này được trả lại thường với lý do máy xuất hiện các vết trầy xước, lỗi phần mềm. Sau khi máy được thu hồi, Apple sẽ tiến hành kiểm tra cũng như khắc phục và tân trang lại những sản phẩm này rồi đưa ra thị trường với vỏ hộp khác, cùng đầy đủ phụ kiện chính hãng và được bảo hành lên đến 12 tháng như máy mới. Chúng ta có thể nói, chất lượng của những chiếc iPhone 6 plus CPO này không kém gì so với hàng mới vì đã được kiểm duyệt tới lần thứ 2.\r\n<br />\r\nTrong thời gian qua, iPhone 6 plus CPO được săn đón rất nhiều vì tích hợp rất nhiều các ưu điểm. Lợi thế rõ ràng nhất của dòng sản phẩm này chính là mức giá bán của nó. Dòng sản phẩm này chỉ chênh lệch với iPhone 6 plus cũ chỉ khoảng 1 triệu đồng, rẻ hơn nhiều so với dòng 6 plus mới đóng hộp truyền thống.\r\nCụ thể: iPhone 6 Plus ( CPO/16GB ) trị giá 8.890.000đ. Còn đối với hàng likenew, iPhone 6 Plus (16GB, hàng Quốc tế ) có giá 7.390.000đ triệu đồng nhưng rõ ràng iPhone CPO uy tín hơn rất nhiều.\r\n<br />\r\nMột chiếc iPhone 6 Plus 99% có giá rẻ hơn đôi chút với hàng CPO, nhưng ngoại hình lại có vết trầy xước ít nhiều và phần cứng thì còn nhờ vào “vận may” vì chẳng biết người dùng trước đây đã sử dụng chúng như thế nào. Bên cạnh đó, phụ kiện kèm theo cũng là phụ kiện không chính hãng hoặc được cung cấp bởi một bên thứ 3 nào đó. Như vậy, xét về mọi mặt thì iPhone 6 Plus CPO sẽ vượt trội hơn rất nhiều.\r\n<br />', '1499106000', 28, 1, 'tintuc', 2),
(3, '[Góc nhìn] Khi iPhone rẻ đến mức phổ cập bình dân !!Theo bạn, iPhone màu nào đẹp nhất ? Chọn mua màu nào phù hợp nhất ?', 'theo-ban', 'images/tintuc/a.jpg', 'Iphone rẻ không thể ngờ!!', 'Chúng ta đã quá quen thuộc với những chiếc Smartphone đẳng cấp có giá cao ngất ngưởng của Apple. Nó đã phần nào tạo nên thương hiệu đẳng cấp của hãng nói chung và của người dùng nói riêng.  Tuy nhiên những năm gần đây, những sản phẩm cũ của iPhone đã dần bị bão hòa, chúng không còn là sản phẩm giữ được giá trị cao, chúng ngày càng rẻ đi và xuất hiện ở nhiều phân khúc giá khác nhau, thậm chí ở cả tầm giá phổ thông. Bây giờ iPhone suất hiện ở khắp mọi nơi và ai cũng có thể sử dụng.', '1499160000', 24, 1, 'tintuc', 3),
(4, 'Thủ thuật nhỏ giúp bạn gộp Facebook và Messenger lại với nhau trên iPhone', 'thu-thuat', 'images/tintuc/IMG_6770.jpg', 'Thủ thuật nhỏ giúp bạn gộp Facebook và Messenger lại với nhau trên iPhone', 'Chúng ta đã quá quen thuộc với những chiếc Smartphone đẳng cấp có giá cao ngất ngưởng của Apple. Nó đã phần nào tạo nên thương hiệu đẳng cấp của hãng nói chung và của người dùng nói riêng.  Tuy nhiên những năm gần đây, những sản phẩm cũ của iPhone đã dần bị bão hòa, chúng không còn là sản phẩm giữ được giá trị cao, chúng ngày càng rẻ đi và xuất hiện ở nhiều phân khúc giá khác nhau, thậm chí ở cả tầm giá phổ thông. Bây giờ iPhone suất hiện ở khắp mọi nơi và ai cũng có thể sử dụng.', '1499600000', 12, 1, 'tintuc', 4),
(5, 'Smartphone Nhật cảm biến vân tay, chống nước giá dưới 1 triệu đồng.', 'smartphone-nhat-cam-bien-van-tay-chong-nuoc-gia-duoi-1-trieu-dong', 'images/uploads/adstintuc-596942ff94c95.jpg', 'Smartphone Nhật cảm biến vân tay, chống nước giá dưới 1 triệu đồng.', '<p>safasfs</p>\r\n', '1500070655', 10, 1, 'tintuc', 5),
(6, 'chính sách bán hàng', 'chinh-sach-1', 'images/tintuc/IMG_6770.jpg', 'chính sách bán hàng', 'Tuổi thơ khó khăn và giấc mơ khởi nghiệp \r\n\r\nSinh ra trong 1 gia đình làm nông nghiệp tại tỉnh Hà Nam còn nghèo khó có đến 3 anh em trai, hoàn cảnh gia đình lúc ấy còn khó khăn và thiếu thốn đủ bề, lại là anh cả, ước mơ cháy bỏng lúc bấy giờ của anh là làm gì đó để kinh tế gia đình bớt khó khăn và giúp đỡ các em học hành tốt. Nhường các em đi học đại học còn mình thì chỉ học cao đẳng và vừa làm thêm giúp đỡ gia đình. Thời bấy giờ, kinh tế gia đình cũng bớt khó khăn hơn, tuổi trẻ nhiệt huyết anh muốn tìm một hướng đi cho mình nhưng chưa nghĩ được làm gì. Với khoản tiền thưởng cuối năm khá khẩm, anh muốn mua tặng bố mẹ 1 chiếc điện thoại di động mới để tiện liên lạc với gia đình, một món quà nhân dịp tết.\r\n\r\n“Lúc đó, quả thực tôi rất bối rối. Tôi đã tới hai cửa hàng điện thoại, nhưng không đâu có thể chỉ cho tôi, loại điện thoại nào tôi có thể mua được với số tiền này”.Để phục vụ khách hàng ngày một tốt hơn, Clickbuy hiện nay đã có 2 trung tâm bảo hành và sửa chữa dịch vụ tại Hà Nội và Hồ Chí Minh\r\n\r\nTrung tâm bảo hành ở Hồ Chí Minh tại địa chỉ 377 Hoàng Văn Thụ – Tân Bình. Các bạn ở khu vực Hồ Chí Minh có thể qua địa chỉ này để Clickbuy có thể hỗ trợ tốt nhất về bảo hành và sửa chữa dịch vụ\r\n\r\nimage-06b842ddbb89757ba38f9c9d2b7e3fd5c36d6da0adc753eb86b2c971d7cdf87b-V\r\n\r\nimage-c3930dadb4ded3db07f31c4a6660f71254eec96877c515e01c2981a60aeecf6b-V\r\n\r\nTại Hà Nội, Clickbuy có riêng trung tâm bảo hành tại tầng 2 số 118 Thái Hà – Đống Đa. Đây là 1 con phố công nghệ thuộc trung tâm của Hà Nội, rất thuận tiện cho các bạn có thể qua lại giữa 3 chí nhánh của Clickbuy Hà Nội là 111 Trần Đăng Ninh, 209 Xã Đàn và 118 Thái Hà. Với cơ sở vật chất hiện đại và rộng rãi, chúng tôi tự hào có thể phục vụ mọi khách hàng tốt nhất và ngày càng cố gắng nâng cao cả về chất lượng với thái độ phục vụ với phương châm “Vui lòng khách đến, vừa lòng khách đi”. Mong bạn bè anh em tiếp tục ủng hộ Clickbuy hơn nữa ạ. ', '1499800000', 3, 1, 'chinhsach', 0),
(7, 'hỗ trợ mua hàng', 'ho-tro-mua-hang', 'images/uploads/adshotro-5969155171a39.jpg', 'hỗ trợ mua hàng', '<p>csacsacsa</p>\r\n', '1500058961', 3, 1, 'hotro', 0);

-- --------------------------------------------------------

--
-- Table structure for table `tb_chitietdonhang`
--

CREATE TABLE `tb_chitietdonhang` (
  `idchitietdonhang` bigint(20) NOT NULL,
  `idsanpham` int(11) NOT NULL,
  `soluong` int(11) NOT NULL,
  `idserialnumber` text COLLATE utf8_unicode_ci NOT NULL
) ENGINE=InnoDB DEFAULT CHARSET=utf8 COLLATE=utf8_unicode_ci;

--
-- Dumping data for table `tb_chitietdonhang`
--

INSERT INTO `tb_chitietdonhang` (`idchitietdonhang`, `idsanpham`, `soluong`, `idserialnumber`) VALUES
(70, 1, 1, '[\"SW58I5DFQW\"]'),
(80, 43, 1, '[\"GT98TR23TB\"]'),
(83, 1, 4, '[\"SN1GT19148\",\"SW58I51U3R\",\"TU9668JHGY\",\"SW58I5DFQW\"]'),
(84, 2, 1, '[\"Q32948FJKF\"]'),
(85, 2, 1, '[\"Q3294DGHGF\"]'),
(87, 43, 3, '[\"GT97ED46AD\",\"GT97ED1234\",\"GT97EDRTYU\"]'),
(89, 3, 1, '[\"F8F9F0F9F8\"]'),
(90, 43, 2, '[\"GT97ED4CVB\",\"GT97ED46QZ\"]');

-- --------------------------------------------------------

--
-- Table structure for table `tb_donhang`
--

CREATE TABLE `tb_donhang` (
  `id` bigint(20) NOT NULL,
  `iddonhang` text COLLATE utf8_unicode_ci NOT NULL,
  `idtaikhoan` bigint(20) NOT NULL,
  `hoten` text COLLATE utf8_unicode_ci NOT NULL,
  `email` text COLLATE utf8_unicode_ci NOT NULL,
  `sdt` text COLLATE utf8_unicode_ci NOT NULL,
  `diachi` text COLLATE utf8_unicode_ci NOT NULL,
  `ngaydathang` bigint(20) NOT NULL,
  `noidung` text COLLATE utf8_unicode_ci NOT NULL,
  `thanhtoan` text COLLATE utf8_unicode_ci NOT NULL,
  `trangthai` text COLLATE utf8_unicode_ci NOT NULL,
  `tonggia` bigint(20) NOT NULL
) ENGINE=InnoDB DEFAULT CHARSET=utf8 COLLATE=utf8_unicode_ci;

--
-- Dumping data for table `tb_donhang`
--

INSERT INTO `tb_donhang` (`id`, `iddonhang`, `idtaikhoan`, `hoten`, `email`, `sdt`, `diachi`, `ngaydathang`, `noidung`, `thanhtoan`, `trangthai`, `tonggia`) VALUES
(70, '3SGNOM1370', 0, 'Đoàn Quốc Thái', 'doanquocthai.pc@gmail.com', '0962104699', '53/7c kp2 tân thới nhất quận 12', 1500092897, '', 'tienmat', 'dagiaohang', 7000000),
(80, 'WHZDI14I80', 0, 'thanh', 'thanh@gmail.com', '0987123456', 'gò vấp', 1500137078, '', 'tienmat', 'danggiaohang', 5000000),
(83, 'WUEP45ZE83', 0, 'Đoàn Quốc Thái', 'doanquocthai.pc@gmail.com', '0962104699', '53/7c kp2 tân thới nhất quận 12', 1500140517, '', 'tienmat', 'danggiaohang', 28000000),
(84, 'V52TSNX884', 0, 'Đoàn Quốc Thái', 'doanquocthai.pc@gmail.com', '0962104699', '53/7c kp2 tân thới nhất quận 12', 1500141002, '', 'tienmat', 'danggiaohang', 1000),
(85, 'UW5B874K85', 0, 'Đoàn Quốc Thái', 'doanquocthai.pc@gmail.com', '0962104699', '53/7c kp2 tân thới nhất quận 12', 1500141271, '', 'baokim', 'dagiaohang', 1000),
(87, '41ID0VYW87', 0, 'Đoàn Quốc Thái', 'doanquocthai.pc@gmail.com', '0962104699', '53/7c kp2 tân thới nhất quận 12', 1500142785, '', 'tienmat', 'danggiaohang', 15000000),
(89, '49K3N9GY89', 0, 'Đoàn Quốc Thái', 'doanquocthai.pc@gmail.com', '0962104699', '53/7c kp2 tân thới nhất quận 12', 1500143659, '', 'tienmat', 'danggiaohang', 7500000),
(90, 'GBXCAEA290', 0, 'doanquothai', 'takeski22@gmail.com', '962104699', '53/7c', 1500263071, 'adADa', 'tienmat', 'dangtrahang', 17500000);

-- --------------------------------------------------------

--
-- Table structure for table `tb_hinhanh`
--

CREATE TABLE `tb_hinhanh` (
  `id` int(11) NOT NULL,
  `ten` text COLLATE utf8_unicode_ci NOT NULL,
  `duongdan` text COLLATE utf8_unicode_ci NOT NULL,
  `hinh` text COLLATE utf8_unicode_ci NOT NULL,
  `loai` text COLLATE utf8_unicode_ci NOT NULL,
  `anhien` tinyint(4) NOT NULL
) ENGINE=InnoDB DEFAULT CHARSET=utf8 COLLATE=utf8_unicode_ci;

--
-- Dumping data for table `tb_hinhanh`
--

INSERT INTO `tb_hinhanh` (`id`, `ten`, `duongdan`, `hinh`, `loai`, `anhien`) VALUES
(1, 'logo', '', 'images/logo/logo595d3dc09de30.png', 'logo', 1),
(2, 'favicon', '', 'images/logo/favicon595ded23ce143.png', 'favicon', 1);

-- --------------------------------------------------------

--
-- Table structure for table `tb_khohang`
--

CREATE TABLE `tb_khohang` (
  `id` int(11) NOT NULL,
  `idsanpham` int(11) NOT NULL,
  `serial` text COLLATE utf8_unicode_ci NOT NULL,
  `trangthai` int(11) NOT NULL,
  `ghichu` text COLLATE utf8_unicode_ci NOT NULL,
  `thoigian` text COLLATE utf8_unicode_ci NOT NULL
) ENGINE=InnoDB DEFAULT CHARSET=utf8 COLLATE=utf8_unicode_ci;

--
-- Dumping data for table `tb_khohang`
--

INSERT INTO `tb_khohang` (`id`, `idsanpham`, `serial`, `trangthai`, `ghichu`, `thoigian`) VALUES
(1, 1, 'SN1GT19148', 1, 'Trong đơn hàng WUEP45ZE83', '1500140517'),
(2, 1, 'SW58I51U3R', 1, 'Trong đơn hàng WUEP45ZE83', '1500140517'),
(3, 2, 'Q32948FJKF', 0, 'Trong đơn hàng V52TSNX884', '1500141002'),
(4, 1, 'TU9668JHGY', 1, 'Trong đơn hàng WUEP45ZE83', '1500140517'),
(5, 3, 'H4H1QAFVZX', 0, 'Trong đơn hàng NHF15DAO88', '1500143014'),
(6, 3, 'F8F9F0F9F8', 0, 'Trong đơn hàng 49K3N9GY89', '1500143659'),
(7, 3, 'K5JFUDYCFN', 0, 'Trong đơn hàng GBXCAEA290', '1500263071'),
(8, 3, 'A8S9D0S9D8', 1, 'Iphone ngon lành', '1499104678'),
(9, 11, 'AASQ123ADS', 1, 'LENOVO', '1499100123'),
(10, 14, 'Q1R1I1U2H2', 1, 'xIAOMI TÀU KHỰA', '1499100786'),
(11, 1, 'SW58I5DFQW', 1, 'Trong đơn hàng WUEP45ZE83', '1500140517'),
(12, 2, 'Q3294DGHGF', 0, 'Trong đơn hàng UW5B874K85', '1500141271'),
(13, 1, 'TU4678JHGY', 1, 'Trong đơn hàng BDCXF9SV71', '1500130150'),
(14, 3, 'H4H5H4J4K4', 1, 'Iphone 5 black', '1499100786'),
(15, 3, '4KFIKFJJHH', 1, 'Iphone XỊN', '1499100123'),
(16, 3, 'G3H2K3I4U3', 1, 'Iphone GIÁ RẺ', '1499134577'),
(17, 3, '1IFXJXHVHF', 1, 'Iphone ngon lành', '1499104678'),
(18, 11, 'A1K2O3K3J2', 1, 'LENOVO', '1499100123'),
(19, 1, 'SN1GT19149', 1, 'Trong đơn hàng XWEN5RAN72', '1500131047'),
(20, 1, 'SW58I51U3W', 1, 'Trong đơn hàng 2L4R39HN73', '1500131263'),
(21, 1, 'TU9668JHGA', 1, 'Trong đơn hàng U8KGCXCT74', '1500131573'),
(22, 4, 'H5J3K4JDAX', 1, 'Trong đơn hàng MJI8XA0Z75', '1500132371'),
(27, 43, 'NDGFF1234', 0, 'Trong đơn hàng EH3K0JJB79', '1500137001'),
(30, 43, 'GT98TR23TB', 0, 'Trong đơn hàng WHZDI14I80', '1500137078'),
(31, 38, 'GT97ED46BG', 0, 'Trong đơn hàng 2334UYU078', '1500136810'),
(32, 38, 'GT97ED46BH', 1, 'Mới thêm vào kho', '1500132142'),
(33, 38, 'GT97ED46VN', 1, 'Mới thêm vào kho', '1500132155'),
(34, 38, 'GT97ED4612', 1, 'Mới thêm vào kho', '1500132167'),
(35, 43, 'GT97ED4668', 0, 'Trong đơn hàng I1E7DEDY86', '1500142660'),
(36, 43, 'GT97ED46AD', 0, 'Trong đơn hàng 41ID0VYW87', '1500142785'),
(37, 43, 'GT97ED1234', 0, 'Trong đơn hàng 41ID0VYW87', '1500142785'),
(38, 43, 'GT97EDRTYU', 0, 'Trong đơn hàng 41ID0VYW87', '1500142785'),
(39, 43, 'GT97ED46BM', 0, 'Trong đơn hàng NHF15DAO88', '1500143014'),
(40, 43, 'GT97ED4CVB', 0, 'Trong đơn hàng GBXCAEA290', '1500263071'),
(41, 43, 'GT97ED46QZ', 0, 'Trong đơn hàng GBXCAEA290', '1500263071'),
(42, 43, 'GT97ED4670', 1, 'Mới thêm vào kho', '1500132580'),
(43, 38, 'GT0912AF45', 1, 'Mới thêm vào kho', '1500132650'),
(44, 38, 'GT0912AF41', 1, 'Mới thêm vào kho', '1500132660'),
(45, 38, 'GT0912AF42', 1, 'Mới thêm vào kho', '1500132667'),
(46, 38, 'GT0912AF46', 1, 'Mới thêm vào kho', '1500132676'),
(47, 38, 'GT0912AF47', 1, 'Mới thêm vào kho', '1500132683'),
(48, 37, 'GT09121234', 1, 'Mới thêm vào kho', '1500132756'),
(49, 37, 'GT09121212', 1, 'Mới thêm vào kho', '1500132783'),
(50, 37, 'GT09121236', 1, 'Mới thêm vào kho', '1500132793'),
(51, 37, 'GT09121789', 1, 'Mới thêm vào kho', '1500132803'),
(52, 37, 'GT0956YHGB', 1, 'Mới thêm vào kho', '1500132824'),
(53, 37, 'GT0956YHGH', 1, 'Mới thêm vào kho', '1500132835'),
(54, 37, 'GT0956YHGZ', 1, 'Mới thêm vào kho', '1500132846'),
(55, 37, 'GT0956YHMN', 1, 'Mới thêm vào kho', '1500132855'),
(56, 36, 'GT0956YZXC', 1, 'Mới thêm vào kho', '1500132982'),
(57, 36, 'GT0956ASDF', 1, 'Mới thêm vào kho', '1500132998'),
(58, 36, 'GT0123YHGB', 1, 'Mới thêm vào kho', '1500133008'),
(59, 36, 'GT0566YHGB', 1, 'Mới thêm vào kho', '1500133021'),
(60, 36, 'GT1566YHGB', 1, 'Mới thêm vào kho', '1500133033'),
(61, 36, 'GT0566IHGB', 1, 'Mới thêm vào kho', '1500133043'),
(62, 36, 'GT0566BZGB', 1, 'Mới thêm vào kho', '1500133055'),
(63, 36, 'GT05660HGB', 1, 'Mới thêm vào kho', '1500133066'),
(64, 35, 'GTHT78AG34', 1, 'Mới thêm vào kho', '1500133130'),
(65, 35, 'GTHT78AG12', 1, 'Mới thêm vào kho', '1500133139'),
(66, 35, 'GTHT78AG45', 1, 'Mới thêm vào kho', '1500133147'),
(67, 35, 'GTHT78AA34', 1, 'Mới thêm vào kho', '1500133160'),
(68, 35, 'GTHF78AG34', 1, 'Mới thêm vào kho', '1500133171'),
(69, 35, 'GTHT712AG3', 1, 'Mới thêm vào kho', '1500133186'),
(70, 35, 'GTHT09AG34', 1, 'Mới thêm vào kho', '1500133196'),
(71, 34, 'GT16TH23TG', 1, 'Mới thêm vào kho', '1500133255'),
(72, 34, 'GT16TH23TB', 1, 'Mới thêm vào kho', '1500133266'),
(73, 34, 'GT16TH23TZ', 1, 'Mới thêm vào kho', '1500133273'),
(74, 34, 'GT16TH23T1', 1, 'Mới thêm vào kho', '1500133282'),
(75, 34, 'GT16TH23DF', 1, 'Mới thêm vào kho', '1500133295'),
(76, 34, 'GT16TH2379', 1, 'Mới thêm vào kho', '1500133305'),
(77, 34, 'GT16TH18TG', 1, 'Mới thêm vào kho', '1500133314'),
(78, 33, 'GB09ZV34KB', 1, 'Mới thêm vào kho', '1500133357'),
(79, 33, 'GB09ZV34KV', 1, 'Mới thêm vào kho', '1500133366'),
(80, 33, 'GB09ZV34KQ', 1, 'Mới thêm vào kho', '1500133375'),
(81, 33, 'GB09ZV14KB', 1, 'Mới thêm vào kho', '1500133384'),
(82, 33, 'GB09ZV67KB', 1, 'Mới thêm vào kho', '1500133394'),
(83, 33, 'GB01ZV34KB', 1, 'Mới thêm vào kho', '1500133404'),
(84, 33, 'GB09ZV30KB', 1, 'Mới thêm vào kho', '1500133416'),
(85, 32, 'GV09ZV34KB', 1, 'Mới thêm vào kho', '1500133449'),
(86, 32, 'GT09VN09FG', 1, 'Mới thêm vào kho', '1500133471'),
(87, 32, 'GT09VN09FV', 1, 'Mới thêm vào kho', '1500133479'),
(88, 32, 'GT09VN01FG', 1, 'Mới thêm vào kho', '1500133488'),
(89, 32, 'GT09VN12FG', 1, 'Mới thêm vào kho', '1500133497'),
(90, 32, 'GT04VN09FG', 1, 'Mới thêm vào kho', '1500133508'),
(91, 32, 'GT1GVN09FG', 1, 'Mới thêm vào kho', '1500133519'),
(92, 31, 'GU87ZX56VB', 1, 'Mới thêm vào kho', '1500133549'),
(93, 31, 'GU87ZX56VZ', 1, 'Mới thêm vào kho', '1500133561'),
(94, 31, 'GU87ZX56VM', 1, 'Mới thêm vào kho', '1500133568'),
(95, 31, 'GU87ZX12VB', 1, 'Mới thêm vào kho', '1500133577'),
(96, 31, 'GU87ZB56VB', 1, 'Mới thêm vào kho', '1500133587'),
(97, 31, 'GU812356VB', 1, 'Mới thêm vào kho', '1500133598'),
(98, 31, 'GU87JX56VB', 1, 'Mới thêm vào kho', '1500133609'),
(99, 30, 'GU8VAS67UJ', 1, 'Mới thêm vào kho', '1500133810'),
(100, 30, 'GU8VAS67VB', 1, 'Mới thêm vào kho', '1500133820'),
(101, 30, 'GU8VAVN7UJ', 1, 'Mới thêm vào kho', '1500133831'),
(102, 30, 'GUFVAS67UJ', 1, 'Mới thêm vào kho', '1500133844'),
(103, 30, 'GU8VAS87UJ', 1, 'Mới thêm vào kho', '1500133854'),
(104, 30, 'GU8ZAS67UJ', 1, 'Mới thêm vào kho', '1500133865'),
(105, 30, 'GU8VAS1234', 1, 'Mới thêm vào kho', '1500133874'),
(106, 29, 'GV09AS8UQE', 1, 'Mới thêm vào kho', '1500133922'),
(107, 29, 'GV09AS81QE', 1, 'Mới thêm vào kho', '1500133936'),
(108, 29, 'GV09QR8UQE', 1, 'Mới thêm vào kho', '1500133947'),
(109, 29, 'GV09AZBUQE', 1, 'Mới thêm vào kho', '1500133958'),
(110, 29, 'GV17AS8UQE', 1, 'Mới thêm vào kho', '1500133969'),
(111, 29, 'GV09AS987E', 1, 'Mới thêm vào kho', '1500133981'),
(112, 29, 'GV0PZS8UQE', 1, 'Mới thêm vào kho', '1500133992'),
(113, 29, 'GV012346TH', 1, 'Mới thêm vào kho', '1500135405'),
(114, 28, 'GR12LJ45KV', 1, 'Mới thêm vào kho', '1500136199'),
(115, 28, 'GR12LJ45KZ', 1, 'Mới thêm vào kho', '1500136210'),
(116, 28, 'GR12LJ45KA', 1, 'Mới thêm vào kho', '1500136219'),
(117, 28, 'GR12LJ12KV', 1, 'Mới thêm vào kho', '1500136230'),
(118, 28, 'GR41LJ45KV', 1, 'Mới thêm vào kho', '1500136242'),
(119, 28, 'GR12LBA5KV', 1, 'Mới thêm vào kho', '1500136255'),
(120, 28, 'GR16LJ45KV', 1, 'Mới thêm vào kho', '1500136265'),
(121, 27, 'GR57LA14NF', 1, 'Mới thêm vào kho', '1500136300'),
(122, 27, 'GR57LA14NV', 1, 'Mới thêm vào kho', '1500136311'),
(123, 27, 'GR57LA14NA', 1, 'Mới thêm vào kho', '1500136319'),
(124, 27, 'GR57LZV4NF', 1, 'Mới thêm vào kho', '1500136339'),
(125, 27, 'GR17LA14NF', 1, 'Mới thêm vào kho', '1500136348'),
(126, 27, 'GR1BLA14NF', 1, 'Mới thêm vào kho', '1500136360'),
(127, 27, 'GR1TGA14NF', 1, 'Mới thêm vào kho', '1500136371'),
(128, 26, 'GRZMLA14NF', 1, 'Mới thêm vào kho', '1500136411'),
(129, 26, 'GRZMLAZMNX', 1, 'Mới thêm vào kho', '1500136424'),
(130, 26, 'GR35LQ50OZ', 1, 'Mới thêm vào kho', '1500136442'),
(131, 26, 'GR3ZLQ50OZ', 1, 'Mới thêm vào kho', '1500136456'),
(132, 26, 'GR3L5Q50OZ', 1, 'Mới thêm vào kho', '1500136472'),
(133, 26, 'GR10LQ50OZ', 1, 'Mới thêm vào kho', '1500136484'),
(134, 26, 'GR311Q50OZ', 1, 'Mới thêm vào kho', '1500136495'),
(135, 25, 'GR111Q50OZ', 1, 'Mới thêm vào kho', '1500136531'),
(136, 25, 'GR533450OZ', 1, 'Mới thêm vào kho', '1500136544'),
(137, 25, 'GRKAO990OZ', 1, 'Mới thêm vào kho', '1500136562'),
(138, 25, 'GRKAO880OZ', 1, 'Mới thêm vào kho', '1500136574'),
(139, 25, 'GRKAO770OZ', 1, 'Mới thêm vào kho', '1500136586'),
(140, 25, 'GRKAO550OZ', 1, 'Mới thêm vào kho', '1500136599'),
(141, 25, 'GRAAO990OZ', 1, 'Mới thêm vào kho', '1500136610'),
(142, 24, 'GRKAO000OZ', 1, 'Mới thêm vào kho', '1500136642'),
(143, 24, 'GRZVO990OZ', 1, 'Mới thêm vào kho', '1500136656'),
(144, 24, 'GRZVOAA0OZ', 1, 'Mới thêm vào kho', '1500136669'),
(145, 24, 'GRZVO0000Z', 1, 'Mới thêm vào kho', '1500136681'),
(146, 24, 'GRZVO9ZBVZ', 1, 'Mới thêm vào kho', '1500136695'),
(147, 24, 'GRZVO123OZ', 1, 'Mới thêm vào kho', '1500136710'),
(148, 24, 'GRZAS990OZ', 1, 'Mới thêm vào kho', '1500136724'),
(149, 2, 'GQ09ZX12LD', 1, 'Mới thêm vào kho', '1500181729'),
(150, 2, 'GQ09ZX1212', 1, 'Mới thêm vào kho', '1500181737'),
(151, 2, 'GQ091212LD', 1, 'Mới thêm vào kho', '1500181744'),
(152, 2, 'GQ094562LD', 1, 'Mới thêm vào kho', '1500181752'),
(153, 2, 'GQ16ZX12LD', 1, 'Mới thêm vào kho', '1500181760'),
(154, 2, 'GQ17ZX12LD', 1, 'Mới thêm vào kho', '1500181768'),
(155, 2, 'GQ09ZX1HLD', 1, 'Mới thêm vào kho', '1500181775'),
(156, 3, 'G109ZX12LD', 1, 'Mới thêm vào kho', '1500181804'),
(157, 4, 'G0Z9Z7A8A9', 1, 'Mới thêm vào kho', '1500181849'),
(158, 4, 'G0Z917A8A9', 1, 'Mới thêm vào kho', '1500181855'),
(159, 4, 'G0Z9A7A8A9', 1, 'Mới thêm vào kho', '1500181863'),
(160, 4, 'G0Z916A8A9', 1, 'Mới thêm vào kho', '1500181870'),
(161, 4, 'G0Z1N7A8A9', 1, 'Mới thêm vào kho', '1500181877'),
(162, 4, 'G0Z9Z71689', 1, 'Mới thêm vào kho', '1500181886'),
(163, 5, 'G1C0A9ZOAP', 1, 'Mới thêm vào kho', '1500181923'),
(164, 5, 'G1C1A9ZOAP', 1, 'Mới thêm vào kho', '1500181930'),
(165, 5, 'G2C0A9ZOAP', 1, 'Mới thêm vào kho', '1500181937'),
(166, 5, 'G1C012ZOAP', 1, 'Mới thêm vào kho', '1500181944'),
(167, 5, 'G1C0A9ZZAP', 1, 'Mới thêm vào kho', '1500181951'),
(168, 5, 'G1C0A9Z17P', 1, 'Mới thêm vào kho', '1500181959'),
(169, 5, 'G1C01PZOAP', 1, 'Mới thêm vào kho', '1500181968'),
(170, 7, 'G9ZU8A7QAS', 1, 'Mới thêm vào kho', '1500182004'),
(171, 7, 'G9ZU8A71AS', 1, 'Mới thêm vào kho', '1500182010'),
(172, 7, 'G9ZU8A712S', 1, 'Mới thêm vào kho', '1500182018'),
(173, 7, 'G9ZU1A7QAS', 1, 'Mới thêm vào kho', '1500182024'),
(174, 7, 'G9Z12A7QAS', 1, 'Mới thêm vào kho', '1500182031'),
(175, 7, 'G1ZU8A7QAS', 1, 'Mới thêm vào kho', '1500182039'),
(176, 7, 'G9ZU8A7PNS', 1, 'Mới thêm vào kho', '1500182046'),
(177, 8, 'Z01WOAIQAS', 1, 'Mới thêm vào kho', '1500182071'),
(178, 8, 'Z01WOAIQAZ', 1, 'Mới thêm vào kho', '1500182078'),
(179, 8, 'Z01W1AIQAS', 1, 'Mới thêm vào kho', '1500182084'),
(180, 8, 'Z01BOAIQAS', 1, 'Mới thêm vào kho', '1500182144'),
(181, 8, 'Z01WO9IQAS', 1, 'Mới thêm vào kho', '1500182153'),
(182, 8, 'Z01WOAZBCS', 1, 'Mới thêm vào kho', '1500182160'),
(183, 8, 'Z01CGGIQAS', 1, 'Mới thêm vào kho', '1500182169'),
(184, 9, 'A0A9A8SLDO', 1, 'Mới thêm vào kho', '1500182189'),
(185, 9, 'A0A9A1SLDO', 1, 'Mới thêm vào kho', '1500182196'),
(186, 9, 'A0A912SLDO', 1, 'Mới thêm vào kho', '1500182203'),
(187, 9, 'A0A9A5SLDO', 1, 'Mới thêm vào kho', '1500182211'),
(188, 9, 'A0A9A8ZXDO', 1, 'Mới thêm vào kho', '1500182218'),
(189, 9, 'A0A9A8SLDZ', 1, 'Mới thêm vào kho', '1500182224'),
(190, 9, 'A0A9A8SL1P', 1, 'Mới thêm vào kho', '1500182233'),
(191, 21, 'A9S8D9A8S9', 1, 'Mới thêm vào kho', '1500182368'),
(192, 21, 'A9S8D9A8S1', 1, 'Mới thêm vào kho', '1500182375'),
(193, 21, 'A9S8D9A8S2', 1, 'Mới thêm vào kho', '1500182380'),
(194, 21, 'A9S8D9A8S3', 1, 'Mới thêm vào kho', '1500182385'),
(195, 21, 'A9S8D9A8S4', 1, 'Mới thêm vào kho', '1500182391'),
(196, 21, 'A9S8D9A8S5', 1, 'Mới thêm vào kho', '1500182396'),
(197, 21, 'A9S8D9A8S8', 1, 'Mới thêm vào kho', '1500182402'),
(198, 21, 'A9S8D9A8SB', 1, 'Mới thêm vào kho', '1500182412'),
(199, 22, 'A0S9D8C7Z9', 1, 'Mới thêm vào kho', '1500182424'),
(200, 22, 'A0S9D8C7Z1', 1, 'Mới thêm vào kho', '1500182430'),
(201, 22, 'A0S9D8C7Z2', 1, 'Mới thêm vào kho', '1500182437'),
(202, 21, 'A0S9D8C7Z3', 1, 'Mới thêm vào kho', '1500182441'),
(203, 22, 'A0S9D8C7Z4', 1, 'Mới thêm vào kho', '1500182452'),
(204, 22, 'A0S9D8C7ZB', 1, 'Mới thêm vào kho', '1500182458'),
(205, 22, 'A0S9D8CZZ9', 1, 'Mới thêm vào kho', '1500182467'),
(206, 22, 'A0S9D1C7Z9', 1, 'Mới thêm vào kho', '1500182475'),
(207, 23, 'A9S7V6VB54', 1, 'Mới thêm vào kho', '1500182489'),
(208, 23, 'A9S7V6VB51', 1, 'Mới thêm vào kho', '1500182495'),
(209, 23, 'A9S7V6VB52', 1, 'Mới thêm vào kho', '1500182501'),
(210, 23, 'A9S7V6VB12', 1, 'Mới thêm vào kho', '1500182507'),
(211, 23, 'A9S7V6VB59', 1, 'Mới thêm vào kho', '1500182515'),
(212, 23, 'A9S7V1ZB54', 1, 'Mới thêm vào kho', '1500182521'),
(213, 23, 'A9S1V6VB54', 1, 'Mới thêm vào kho', '1500182528'),
(214, 11, 'F9A0ZXAS12', 1, 'Mới thêm vào kho', '1500182565'),
(215, 11, 'F9A0ZXAS13', 1, 'Mới thêm vào kho', '1500182571'),
(216, 11, 'F9A0ZXAS15', 1, 'Mới thêm vào kho', '1500182577'),
(217, 11, 'F9A0ZXAS41', 1, 'Mới thêm vào kho', '1500182584'),
(218, 11, 'F9A0ZXAS43', 1, 'Mới thêm vào kho', '1500182590'),
(219, 11, 'F9A0ZXAS40', 1, 'Mới thêm vào kho', '1500182598'),
(220, 12, 'Z0A9G8BN7D', 1, 'Mới thêm vào kho', '1500182646'),
(221, 12, 'Z0A9G8BN7Z', 1, 'Mới thêm vào kho', '1500182652'),
(222, 12, 'Z0A9G1BN7D', 1, 'Mới thêm vào kho', '1500182658'),
(223, 12, 'Z0A9G2BN7D', 1, 'Mới thêm vào kho', '1500182663'),
(224, 12, 'Z0A9G6BN7D', 1, 'Mới thêm vào kho', '1500182670'),
(225, 12, 'Z0A9G8MN7D', 1, 'Mới thêm vào kho', '1500182677'),
(226, 12, 'Z01ZG8BN7D', 1, 'Mới thêm vào kho', '1500182683'),
(227, 12, 'Z123G8BN7D', 1, 'Mới thêm vào kho', '1500182691'),
(228, 16, 'F6B8Z0ZZ00', 1, 'Mới thêm vào kho', '1500182708'),
(229, 16, 'F6B8Z0ZZ01', 1, 'Mới thêm vào kho', '1500182715'),
(230, 16, 'F6B8Z0ZZ02', 1, 'Mới thêm vào kho', '1500182719'),
(231, 16, 'F6B8Z0ZZ06', 1, 'Mới thêm vào kho', '1500182738'),
(232, 16, 'F6B8Z0ZZ08', 1, 'Mới thêm vào kho', '1500182744'),
(233, 16, 'F6B8Z0ZZ09', 1, 'Mới thêm vào kho', '1500182749'),
(234, 16, 'F6B8Z0ZZ10', 1, 'Mới thêm vào kho', '1500182755'),
(235, 16, 'F6B8Z0ZZZO', 1, 'Mới thêm vào kho', '1500182762'),
(236, 43, 'T7AI0Z9A0S', 1, 'Mới thêm vào kho', '1500182786'),
(237, 43, 'T7AI0Z9AVZ', 1, 'Mới thêm vào kho', '1500182793'),
(238, 43, 'T7AI0Z1A0S', 1, 'Mới thêm vào kho', '1500182816'),
(239, 43, 'T7AI0Z9AMN', 1, 'Mới thêm vào kho', '1500182839'),
(240, 14, 'Z9QOAISUDY', 1, 'Mới thêm vào kho', '1500182971'),
(241, 14, 'Z9QOAISUDZ', 1, 'Mới thêm vào kho', '1500182976'),
(242, 14, 'Z9QOAISUDV', 1, 'Mới thêm vào kho', '1500182982'),
(243, 14, 'Z9QOAISUDB', 1, 'Mới thêm vào kho', '1500182987'),
(244, 14, 'Z9QOAISUDN', 1, 'Mới thêm vào kho', '1500182993'),
(245, 14, 'Z9QOAISUDM', 1, 'Mới thêm vào kho', '1500182998'),
(246, 14, 'Z9QOAISUDL', 1, 'Mới thêm vào kho', '1500183003'),
(247, 15, 'A019QAPAOSI', 1, 'Mới thêm vào kho', '1500183013'),
(248, 15, 'A019QAPAOS', 1, 'Mới thêm vào kho', '1500183019'),
(249, 15, 'A019QAPAOA', 1, 'Mới thêm vào kho', '1500183028'),
(250, 15, 'A019QAPAO7', 1, 'Mới thêm vào kho', '1500183033'),
(251, 15, 'A019QAPAOK', 1, 'Mới thêm vào kho', '1500183038'),
(252, 15, 'A019QAPAO0', 1, 'Mới thêm vào kho', '1500183046'),
(253, 15, 'A019QAPAPO', 1, 'Mới thêm vào kho', '1500183052'),
(254, 17, 'Z1A2T6YUJH', 1, 'Mới thêm vào kho', '1500183064'),
(255, 17, 'Z1A2T6YUJC', 1, 'Mới thêm vào kho', '1500183072'),
(256, 17, 'Z1A2T6YUJL', 1, 'Mới thêm vào kho', '1500183083'),
(257, 17, 'Z1A2T6YUOQ', 1, 'Mới thêm vào kho', '1500183091'),
(258, 17, 'Z1A2T6YUOZ', 1, 'Mới thêm vào kho', '1500183098'),
(259, 17, 'Z112T6YUJH', 1, 'Mới thêm vào kho', '1500183104'),
(260, 17, 'Z1A217YUJH', 1, 'Mới thêm vào kho', '1500183110'),
(261, 18, 'Z1ADXVBUJH', 1, 'Mới thêm vào kho', '1500183120'),
(262, 18, 'Z1RTYUCUJH', 1, 'Mới thêm vào kho', '1500183133'),
(263, 18, 'Z1RTYUCUJB', 1, 'Mới thêm vào kho', '1500183138'),
(264, 18, 'Z1RTYUCUZX', 1, 'Mới thêm vào kho', '1500183143'),
(265, 18, 'Z1RTYUCUNF', 1, 'Mới thêm vào kho', '1500183148'),
(266, 18, 'Z1RTYUCUCF', 1, 'Mới thêm vào kho', '1500183154'),
(267, 18, 'Z1RTYUCADF', 1, 'Mới thêm vào kho', '1500183160'),
(268, 19, 'V0FPSOSIDS', 1, 'Mới thêm vào kho', '1500183170'),
(269, 19, 'V01111SIDS', 1, 'Mới thêm vào kho', '1500183177'),
(270, 19, 'V0FPS11IDS', 1, 'Mới thêm vào kho', '1500183184'),
(271, 19, 'V0FP231IDS', 1, 'Mới thêm vào kho', '1500183192'),
(272, 19, 'V0FP16SIDS', 1, 'Mới thêm vào kho', '1500183200'),
(273, 19, 'V0FPSO78DS', 1, 'Mới thêm vào kho', '1500183206'),
(274, 19, 'V18PSOSIDS', 1, 'Mới thêm vào kho', '1500183212'),
(275, 20, 'ZPO0AIUSYD', 1, 'Mới thêm vào kho', '1500183223'),
(276, 20, 'ZPO0111SYD', 1, 'Mới thêm vào kho', '1500183229'),
(277, 20, 'ZPO02222YD', 1, 'Mới thêm vào kho', '1500183235'),
(278, 20, 'ZP233IUSYD', 1, 'Mới thêm vào kho', '1500183242'),
(279, 20, 'ZPO066USYD', 1, 'Mới thêm vào kho', '1500183248'),
(280, 20, 'ZPO088USYD', 1, 'Mới thêm vào kho', '1500183254'),
(281, 20, 'ZPO0AI0SYD', 1, 'Mới thêm vào kho', '1500183260');

-- --------------------------------------------------------

--
-- Table structure for table `tb_luottruycap`
--

CREATE TABLE `tb_luottruycap` (
  `id` int(11) NOT NULL,
  `date` bigint(20) NOT NULL
) ENGINE=InnoDB DEFAULT CHARSET=latin1;

--
-- Dumping data for table `tb_luottruycap`
--

INSERT INTO `tb_luottruycap` (`id`, `date`) VALUES
(1, 1499100626),
(2, 1499100627),
(3, 1499100786),
(4, 1499100786),
(5, 1499100953),
(6, 1499100954),
(7, 1499100957),
(8, 1499100958),
(9, 1499101022),
(10, 1499101023),
(11, 1499101146),
(12, 1499101147),
(13, 1499101151),
(14, 1499101152),
(15, 1499101162),
(16, 1499101162),
(17, 1499101176),
(18, 1499101177),
(19, 1499101179),
(20, 1499101180),
(21, 1499101206),
(22, 1499101208),
(23, 1499101237),
(24, 1499101238),
(25, 1499101284),
(26, 1499101285),
(27, 1499101306),
(28, 1499101306),
(29, 1499101337),
(30, 1499101339),
(31, 1499101348),
(32, 1499101348),
(33, 1499101438),
(34, 1499101439),
(35, 1499101662),
(36, 1499101664),
(37, 1499101695),
(38, 1499101695),
(39, 1499101794),
(40, 1499101820),
(41, 1499101916),
(42, 1499101925),
(43, 1499101932),
(44, 1499102228),
(45, 1499103829),
(46, 1499103926),
(47, 1499104323),
(48, 1499104407),
(49, 1499104486),
(50, 1499104545),
(51, 1499104557),
(52, 1499104623),
(53, 1499104666),
(54, 1499104688),
(55, 1499104762),
(56, 1499104770),
(57, 1499106087),
(58, 1499106269),
(59, 1499106346),
(60, 1499106652),
(61, 1499106829),
(62, 1499106854),
(63, 1499107016),
(64, 1499107060),
(65, 1499107062),
(66, 1499107213),
(67, 1499107248),
(68, 1499107254),
(69, 1499107525),
(70, 1499107563),
(71, 1499107604),
(72, 1499107623),
(73, 1499107735),
(74, 1499107771),
(75, 1499107776),
(76, 1499107927),
(77, 1499107942),
(78, 1499107944),
(79, 1499108125),
(80, 1499108197),
(81, 1499108205),
(82, 1499108218),
(83, 1499108232),
(84, 1499108248),
(85, 1499108251),
(86, 1499108252),
(87, 1499108259),
(88, 1499108277),
(89, 1499108344),
(90, 1499108864),
(91, 1499108880),
(92, 1499108951),
(93, 1499109032),
(94, 1499109036),
(95, 1499109128),
(96, 1499109172),
(97, 1499109365),
(98, 1499109459),
(99, 1499109577),
(100, 1499110061),
(101, 1499110079),
(102, 1499110216),
(103, 1499110225),
(104, 1499110496),
(105, 1499110871),
(106, 1499110891),
(107, 1499111156),
(108, 1499111192),
(109, 1499111229),
(110, 1499111287),
(111, 1499111328),
(112, 1499111415),
(113, 1499111427),
(114, 1499111431),
(115, 1499111487),
(116, 1499111555),
(117, 1499111576),
(118, 1499111700),
(119, 1499111731),
(120, 1499111748),
(121, 1499111938),
(122, 1499111958),
(123, 1499112136),
(124, 1499112182),
(125, 1499112198),
(126, 1499112219),
(127, 1499112227),
(128, 1499112228),
(129, 1499112236),
(130, 1499112721),
(131, 1499112739),
(132, 1499112763),
(133, 1499112769),
(134, 1499112774),
(135, 1499112810),
(136, 1499112813),
(137, 1499112820),
(138, 1499112874),
(139, 1499113121),
(140, 1499113125),
(141, 1499113128),
(142, 1499113504),
(143, 1499113508),
(144, 1499113518),
(145, 1499113540),
(146, 1499113551),
(147, 1499113556),
(148, 1499113642),
(149, 1499113740),
(150, 1499113815),
(151, 1499114366),
(152, 1499114379),
(153, 1499114435),
(154, 1499114492),
(155, 1499114561),
(156, 1499114566),
(157, 1499114655),
(158, 1499114664),
(159, 1499114693),
(160, 1499114741),
(161, 1499114744),
(162, 1499114901),
(163, 1499115640),
(164, 1499115644),
(165, 1499115647),
(166, 1499115689),
(167, 1499115692),
(168, 1499116068),
(169, 1499116175),
(170, 1499116184),
(171, 1499116219),
(172, 1499116273),
(173, 1499116279),
(174, 1499116290),
(175, 1499116310),
(176, 1499116315),
(177, 1499116375),
(178, 1499116379),
(179, 1499116384),
(180, 1499116391),
(181, 1499116397),
(182, 1499116400),
(183, 1499116621),
(184, 1499116675),
(185, 1499116710),
(186, 1499116730),
(187, 1499124197),
(188, 1499127579),
(189, 1499127597),
(190, 1499127614),
(191, 1499127627),
(192, 1499127654),
(193, 1499127660),
(194, 1499137512),
(195, 1499137539),
(196, 1499137549),
(197, 1499137551),
(198, 1499137573),
(199, 1499137581),
(200, 1499137584),
(201, 1499137587),
(202, 1499137594),
(203, 1499141209),
(204, 1499141219),
(205, 1499141222),
(206, 1499141226),
(207, 1499141229),
(208, 1499141808),
(209, 1499145154),
(210, 1499145171),
(211, 1499145202),
(212, 1499145208),
(213, 1499145414),
(214, 1499145426),
(215, 1499145427),
(216, 1499145432),
(217, 1499145440),
(218, 1499145449),
(219, 1499145456),
(220, 1499145508),
(221, 1499146017),
(222, 1499146317),
(223, 1499146357),
(224, 1499146359),
(225, 1499146599),
(226, 1499147500),
(227, 1499147522),
(228, 1499147561),
(229, 1499147589),
(230, 1499147597),
(231, 1499147921),
(232, 1499148012),
(233, 1499148018),
(234, 1499148159),
(235, 1499148224),
(236, 1499148462),
(237, 1499148465),
(238, 1499148469),
(239, 1499148752),
(240, 1499148755),
(241, 1499148756),
(242, 1499148757),
(243, 1499148787),
(244, 1499148791),
(245, 1499148793),
(246, 1499148868),
(247, 1499148871),
(248, 1499148875),
(249, 1499148926),
(250, 1499148928),
(251, 1499148929),
(252, 1499148982),
(253, 1499148985),
(254, 1499148986),
(255, 1499148987),
(256, 1499148987),
(257, 1499148987),
(258, 1499149050),
(259, 1499149052),
(260, 1499149273),
(261, 1499149276),
(262, 1499149323),
(263, 1499149361),
(264, 1499149473),
(265, 1499149476),
(266, 1499149485),
(267, 1499149487),
(268, 1499149560),
(269, 1499149576),
(270, 1499149585),
(271, 1499149591),
(272, 1499149594),
(273, 1499149608),
(274, 1499149619),
(275, 1499149628),
(276, 1499149701),
(277, 1499149703),
(278, 1499149811),
(279, 1499149815),
(280, 1499149820),
(281, 1499149850),
(282, 1499149854),
(283, 1499149869),
(284, 1499149873),
(285, 1499149885),
(286, 1499149887),
(287, 1499149900),
(288, 1499149902),
(289, 1499149902),
(290, 1499149955),
(291, 1499149957),
(292, 1499150034),
(293, 1499150256),
(294, 1499150265),
(295, 1499150346),
(296, 1499150347),
(297, 1499150353),
(298, 1499150380),
(299, 1499150382),
(300, 1499150401),
(301, 1499150428),
(302, 1499150430),
(303, 1499150432),
(304, 1499150508),
(305, 1499150524),
(306, 1499150526),
(307, 1499150533),
(308, 1499150614),
(309, 1499150624),
(310, 1499150628),
(311, 1499150636),
(312, 1499150691),
(313, 1499150741),
(314, 1499150772),
(315, 1499150778),
(316, 1499150804),
(317, 1499150838),
(318, 1499150841),
(319, 1499150907),
(320, 1499150938),
(321, 1499150946),
(322, 1499150953),
(323, 1499151199),
(324, 1499151201),
(325, 1499151215),
(326, 1499151244),
(327, 1499151295),
(328, 1499151296),
(329, 1499151304),
(330, 1499151341),
(331, 1499151344),
(332, 1499151378),
(333, 1499151380),
(334, 1499151395),
(335, 1499151398),
(336, 1499151415),
(337, 1499151431),
(338, 1499151438),
(339, 1499151441),
(340, 1499151442),
(341, 1499151445),
(342, 1499151591),
(343, 1499151640),
(344, 1499151839),
(345, 1499152059),
(346, 1499152067),
(347, 1499152069),
(348, 1499152114),
(349, 1499152191),
(350, 1499152253),
(351, 1499152256),
(352, 1499152258),
(353, 1499152299),
(354, 1499152301),
(355, 1499152321),
(356, 1499152323),
(357, 1499152427),
(358, 1499152431),
(359, 1499152452),
(360, 1499152462),
(361, 1499152469),
(362, 1499152471),
(363, 1499152643),
(364, 1499152676),
(365, 1499152689),
(366, 1499152734),
(367, 1499152742),
(368, 1499152746),
(369, 1499152764),
(370, 1499152791),
(371, 1499152798),
(372, 1499152802),
(373, 1499152804),
(374, 1499152809),
(375, 1499152811),
(376, 1499152814),
(377, 1499152833),
(378, 1499152836),
(379, 1499152866),
(380, 1499153097),
(381, 1499153155),
(382, 1499153160),
(383, 1499153188),
(384, 1499153204),
(385, 1499153231),
(386, 1499153233),
(387, 1499153537),
(388, 1499153540),
(389, 1499153588),
(390, 1499153592),
(391, 1499153599),
(392, 1499153626),
(393, 1499153859),
(394, 1499153948),
(395, 1499153952),
(396, 1499154056),
(397, 1499154118),
(398, 1499154124),
(399, 1499154127),
(400, 1499154128),
(401, 1499154136),
(402, 1499154139),
(403, 1499154146),
(404, 1499154153),
(405, 1499154155),
(406, 1499154157),
(407, 1499154160),
(408, 1499154337),
(409, 1499154347),
(410, 1499154817),
(411, 1499154820),
(412, 1499154825),
(413, 1499155026),
(414, 1499155159),
(415, 1499155164),
(416, 1499155557),
(417, 1499155699),
(418, 1499155701),
(419, 1499155951),
(420, 1499156002),
(421, 1499156005),
(422, 1499156013),
(423, 1499156014),
(424, 1499156019),
(425, 1499156071),
(426, 1499156350),
(427, 1499156356),
(428, 1499156359),
(429, 1499156361),
(430, 1499156364),
(431, 1499156368),
(432, 1499156424),
(433, 1499156530),
(434, 1499156536),
(435, 1499156545),
(436, 1499156548),
(437, 1499156551),
(438, 1499156556),
(439, 1499156559),
(440, 1499156559),
(441, 1499156562),
(442, 1499156568),
(443, 1499156571),
(444, 1499156575),
(445, 1499156587),
(446, 1499156606),
(447, 1499156640),
(448, 1499156690),
(449, 1499156749),
(450, 1499156757),
(451, 1499156758),
(452, 1499156759),
(453, 1499156760),
(454, 1499156787),
(455, 1499156802),
(456, 1499156818),
(457, 1499156832),
(458, 1499156858),
(459, 1499156926),
(460, 1499156996),
(461, 1499157000),
(462, 1499157031),
(463, 1499157033),
(464, 1499157059),
(465, 1499157077),
(466, 1499157079),
(467, 1499157080),
(468, 1499157100),
(469, 1499157168),
(470, 1499157231),
(471, 1499157264),
(472, 1499157266),
(473, 1499157302),
(474, 1499157330),
(475, 1499157363),
(476, 1499157384),
(477, 1499157401),
(478, 1499157451),
(479, 1499157482),
(480, 1499157501),
(481, 1499157546),
(482, 1499157606),
(483, 1499157617),
(484, 1499157620),
(485, 1499157640),
(486, 1499157706),
(487, 1499157750),
(488, 1499157754),
(489, 1499157837),
(490, 1499157841),
(491, 1499157845),
(492, 1499157850),
(493, 1499157863),
(494, 1499157866),
(495, 1499157877),
(496, 1499157879),
(497, 1499157891),
(498, 1499157893),
(499, 1499157896),
(500, 1499157899),
(501, 1499157901),
(502, 1499157920),
(503, 1499157923),
(504, 1499157945),
(505, 1499157959),
(506, 1499157962),
(507, 1499157969),
(508, 1499157971),
(509, 1499157972),
(510, 1499157974),
(511, 1499157976),
(512, 1499157979),
(513, 1499157981),
(514, 1499158061),
(515, 1499158062),
(516, 1499158063),
(517, 1499158065),
(518, 1499158792),
(519, 1499158803),
(520, 1499158814),
(521, 1499158818),
(522, 1499158820),
(523, 1499158826),
(524, 1499158829),
(525, 1499158832),
(526, 1499158845),
(527, 1499158849),
(528, 1499158867),
(529, 1499158873),
(530, 1499158898),
(531, 1499158912),
(532, 1499158920),
(533, 1499158923),
(534, 1499158938),
(535, 1499158941),
(536, 1499158952),
(537, 1499158955),
(538, 1499158968),
(539, 1499158984),
(540, 1499158990),
(541, 1499159081),
(542, 1499159085),
(543, 1499159094),
(544, 1499159097),
(545, 1499159109),
(546, 1499159112),
(547, 1499159134),
(548, 1499159136),
(549, 1499159220),
(550, 1499159225),
(551, 1499159233),
(552, 1499159235),
(553, 1499159237),
(554, 1499159246),
(555, 1499159247),
(556, 1499159264),
(557, 1499159273),
(558, 1499159275),
(559, 1499159282),
(560, 1499159321),
(561, 1499159323),
(562, 1499159348),
(563, 1499159362),
(564, 1499159365),
(565, 1499160365),
(566, 1499162021),
(567, 1499162028),
(568, 1499162035),
(569, 1499162044),
(570, 1499162055),
(571, 1499162061),
(572, 1499162067),
(573, 1499162079),
(574, 1499162088),
(575, 1499162090),
(576, 1499162094),
(577, 1499162101),
(578, 1499162122),
(579, 1499162183),
(580, 1499162186),
(581, 1499162190),
(582, 1499162198),
(583, 1499162208),
(584, 1499162214),
(585, 1499162299),
(586, 1499162320),
(587, 1499162325),
(588, 1499162488),
(589, 1499162506),
(590, 1499162517),
(591, 1499162569),
(592, 1499162577),
(593, 1499162584),
(594, 1499162591),
(595, 1499162595),
(596, 1499162742),
(597, 1499162745),
(598, 1499162749),
(599, 1499162839),
(600, 1499162851),
(601, 1499162854),
(602, 1499162879),
(603, 1499162918),
(604, 1499162925),
(605, 1499162995),
(606, 1499162998),
(607, 1499163003),
(608, 1499163011),
(609, 1499163050),
(610, 1499163073),
(611, 1499163130),
(612, 1499163192),
(613, 1499166383),
(614, 1499166395),
(615, 1499166409),
(616, 1499166439),
(617, 1499166443),
(618, 1499166564),
(619, 1499166567),
(620, 1499167086),
(621, 1499167108),
(622, 1499167127),
(623, 1499167654),
(624, 1499167662),
(625, 1499167666),
(626, 1499169555),
(627, 1499169577),
(628, 1499169585),
(629, 1499175738),
(630, 1499176108),
(631, 1499176984),
(632, 1499177905),
(633, 1499177927),
(634, 1499177944),
(635, 1499178472),
(636, 1499230168),
(637, 1499263499),
(638, 1499263554),
(639, 1499263560),
(640, 1499263568),
(641, 1499263578),
(642, 1499263637),
(643, 1499263999),
(644, 1499264307),
(645, 1499264673),
(646, 1499265598),
(647, 1499265646),
(648, 1499265648),
(649, 1499265819),
(650, 1499265821),
(651, 1499265828),
(652, 1499265830),
(653, 1499265846),
(654, 1499265880),
(655, 1499266136),
(656, 1499266145),
(657, 1499266185),
(658, 1499266322),
(659, 1499266323),
(660, 1499266330),
(661, 1499266333),
(662, 1499266345),
(663, 1499266349),
(664, 1499266352),
(665, 1499266407),
(666, 1499266412),
(667, 1499266415),
(668, 1499266548),
(669, 1499266550),
(670, 1499266557),
(671, 1499266559),
(672, 1499266585),
(673, 1499267267),
(674, 1499267275),
(675, 1499267295),
(676, 1499267299),
(677, 1499267301),
(678, 1499267303),
(679, 1499267304),
(680, 1499267307),
(681, 1499267473),
(682, 1499267542),
(683, 1499267544),
(684, 1499267546),
(685, 1499267549),
(686, 1499267586),
(687, 1499267591),
(688, 1499267593),
(689, 1499267599),
(690, 1499267779),
(691, 1499267781),
(692, 1499267782),
(693, 1499267796),
(694, 1499267827),
(695, 1499267829),
(696, 1499267830),
(697, 1499267842),
(698, 1499267872),
(699, 1499268015),
(700, 1499268023),
(701, 1499268028),
(702, 1499268033),
(703, 1499268090),
(704, 1499268103),
(705, 1499268108),
(706, 1499268110),
(707, 1499268113),
(708, 1499268116),
(709, 1499268120),
(710, 1499268150),
(711, 1499268156),
(712, 1499268162),
(713, 1499268241),
(714, 1499268246),
(715, 1499268262),
(716, 1499268268),
(717, 1499268275),
(718, 1499268292),
(719, 1499268294),
(720, 1499268297),
(721, 1499268301),
(722, 1499268316),
(723, 1499268319),
(724, 1499268325),
(725, 1499268399),
(726, 1499268408),
(727, 1499268410),
(728, 1499268417),
(729, 1499268720),
(730, 1499268721),
(731, 1499268751),
(732, 1499268752),
(733, 1499268754),
(734, 1499268755),
(735, 1499268782),
(736, 1499268828),
(737, 1499268955),
(738, 1499268992),
(739, 1499268995),
(740, 1499269025),
(741, 1499269029),
(742, 1499269030),
(743, 1499269039),
(744, 1499269118),
(745, 1499269148),
(746, 1499269197),
(747, 1499269207),
(748, 1499269238),
(749, 1499269264),
(750, 1499269275),
(751, 1499269278),
(752, 1499269288),
(753, 1499269291),
(754, 1499269292),
(755, 1499269324),
(756, 1499269371),
(757, 1499269377),
(758, 1499269392),
(759, 1499269447),
(760, 1499269460),
(761, 1499269495),
(762, 1499269500),
(763, 1499269501),
(764, 1499269516),
(765, 1499269520),
(766, 1499269526),
(767, 1499269528),
(768, 1499269556),
(769, 1499269571),
(770, 1499269587),
(771, 1499269655),
(772, 1499269669),
(773, 1499269686),
(774, 1499269705),
(775, 1499269719),
(776, 1499269743),
(777, 1499269744),
(778, 1499269847),
(779, 1499269854),
(780, 1499269869),
(781, 1499270023),
(782, 1499270032),
(783, 1499270223),
(784, 1499270387),
(785, 1499270389),
(786, 1499270390),
(787, 1499270415),
(788, 1499270417),
(789, 1499270420),
(790, 1499270423),
(791, 1499270426),
(792, 1499270502),
(793, 1499270506),
(794, 1499270516),
(795, 1499270526),
(796, 1499270529),
(797, 1499270532),
(798, 1499270534),
(799, 1499270536),
(800, 1499270539),
(801, 1499270544),
(802, 1499270549),
(803, 1499270550),
(804, 1499270623),
(805, 1499270688),
(806, 1499270694),
(807, 1499270696),
(808, 1499270705),
(809, 1499270793),
(810, 1499270837),
(811, 1499270871),
(812, 1499272194),
(813, 1499275829),
(814, 1499275841),
(815, 1499275845),
(816, 1499275847),
(817, 1499275860),
(818, 1499275870),
(819, 1499276521),
(820, 1499277839),
(821, 1499278126),
(822, 1499278129),
(823, 1499278131),
(824, 1499278170),
(825, 1499278172),
(826, 1499278190),
(827, 1499278199),
(828, 1499278239),
(829, 1499278277),
(830, 1499278281),
(831, 1499278607),
(832, 1499278679),
(833, 1499278968),
(834, 1499278983),
(835, 1499278985),
(836, 1499278987),
(837, 1499278990),
(838, 1499279095),
(839, 1499279097),
(840, 1499279109),
(841, 1499279110),
(842, 1499279172),
(843, 1499279180),
(844, 1499279194),
(845, 1499279196),
(846, 1499279293),
(847, 1499279360),
(848, 1499279368),
(849, 1499279370),
(850, 1499279385),
(851, 1499279412),
(852, 1499279413),
(853, 1499279415),
(854, 1499279423),
(855, 1499279424),
(856, 1499279439),
(857, 1499279477),
(858, 1499279512),
(859, 1499279533),
(860, 1499279536),
(861, 1499279830),
(862, 1499279857),
(863, 1499279911),
(864, 1499279943),
(865, 1499280784),
(866, 1499280820),
(867, 1499281020),
(868, 1499281230),
(869, 1499281565),
(870, 1499281570),
(871, 1499281574),
(872, 1499281581),
(873, 1499281920),
(874, 1499282093),
(875, 1499282124),
(876, 1499282125),
(877, 1499282561),
(878, 1499282562),
(879, 1499282566),
(880, 1499282567),
(881, 1499282571),
(882, 1499282572),
(883, 1499282573),
(884, 1499282573),
(885, 1499282574),
(886, 1499282575),
(887, 1499282576),
(888, 1499282576),
(889, 1499282578),
(890, 1499282579),
(891, 1499282582),
(892, 1499282584),
(893, 1499282585),
(894, 1499282587),
(895, 1499282589),
(896, 1499282590),
(897, 1499282590),
(898, 1499282591),
(899, 1499282592),
(900, 1499282593),
(901, 1499282595),
(902, 1499282596),
(903, 1499282597),
(904, 1499282598),
(905, 1499282598),
(906, 1499282599),
(907, 1499282600),
(908, 1499282601),
(909, 1499282601),
(910, 1499282602),
(911, 1499282603),
(912, 1499282604),
(913, 1499282604),
(914, 1499282672),
(915, 1499282675),
(916, 1499282702),
(917, 1499282885),
(918, 1499282946),
(919, 1499282951),
(920, 1499282953),
(921, 1499283465),
(922, 1499283561),
(923, 1499283588),
(924, 1499283907),
(925, 1499283963),
(926, 1499284385),
(927, 1499284398),
(928, 1499284671),
(929, 1499284754),
(930, 1499284761),
(931, 1499284779),
(932, 1499284793),
(933, 1499284799),
(934, 1499284809),
(935, 1499284810),
(936, 1499284812),
(937, 1499284818),
(938, 1499284819),
(939, 1499284879),
(940, 1499284888),
(941, 1499284891),
(942, 1499284906),
(943, 1499284923),
(944, 1499284938),
(945, 1499284942),
(946, 1499284999),
(947, 1499285029),
(948, 1499285094),
(949, 1499285097),
(950, 1499285113),
(951, 1499285121),
(952, 1499285129),
(953, 1499285149),
(954, 1499285155),
(955, 1499285929),
(956, 1499286045),
(957, 1499286123),
(958, 1499327713),
(959, 1499327765),
(960, 1499327782),
(961, 1499338403),
(962, 1499343842),
(963, 1499348333),
(964, 1499348356),
(965, 1499348456),
(966, 1499348482),
(967, 1499348518),
(968, 1499348758),
(969, 1499348885),
(970, 1499348889),
(971, 1499348898),
(972, 1499348907),
(973, 1499350650),
(974, 1499350655),
(975, 1499350660),
(976, 1499350831),
(977, 1499350905),
(978, 1499350911),
(979, 1499350913),
(980, 1499351002),
(981, 1499351075),
(982, 1499352888),
(983, 1499352899),
(984, 1499353760),
(985, 1499353763),
(986, 1499353769),
(987, 1499353775),
(988, 1499353784),
(989, 1499353789),
(990, 1499353795),
(991, 1499354362),
(992, 1499354364),
(993, 1499354371),
(994, 1499354374),
(995, 1499354530),
(996, 1499354533),
(997, 1499354536),
(998, 1499354545),
(999, 1499354570),
(1000, 1499354575),
(1001, 1499354698),
(1002, 1499354700),
(1003, 1499354825),
(1004, 1499355020),
(1005, 1499355022),
(1006, 1499355033),
(1007, 1499355206),
(1008, 1499355275),
(1009, 1499355347),
(1010, 1499355509),
(1011, 1499355512),
(1012, 1499356210),
(1013, 1499356214),
(1014, 1499356250),
(1015, 1499356254),
(1016, 1499356433),
(1017, 1499356436),
(1018, 1499356439),
(1019, 1499356442),
(1020, 1499356526),
(1021, 1499356656),
(1022, 1499356658),
(1023, 1499356668),
(1024, 1499356669),
(1025, 1499356670),
(1026, 1499356670),
(1027, 1499356790),
(1028, 1499356792),
(1029, 1499403675),
(1030, 1499421455),
(1031, 1499422913),
(1032, 1499422924),
(1033, 1499422930),
(1034, 1499422934),
(1035, 1499422939),
(1036, 1499422966),
(1037, 1499422978),
(1038, 1499423366),
(1039, 1499423370),
(1040, 1499423378),
(1041, 1499423387),
(1042, 1499423397),
(1043, 1499423401),
(1044, 1499423408),
(1045, 1499423497),
(1046, 1499423926),
(1047, 1499423946),
(1048, 1499423952),
(1049, 1499423956),
(1050, 1499423963),
(1051, 1499423969),
(1052, 1499423977),
(1053, 1499423998),
(1054, 1499424879),
(1055, 1499424895),
(1056, 1499424899),
(1057, 1499424910),
(1058, 1499424912),
(1059, 1499424920),
(1060, 1499431311),
(1061, 1499431318),
(1062, 1499431327),
(1063, 1499431342),
(1064, 1499431347),
(1065, 1499431350),
(1066, 1499431354),
(1067, 1499431793),
(1068, 1499431834),
(1069, 1499431838),
(1070, 1499431841),
(1071, 1499431844),
(1072, 1499431846),
(1073, 1499431849),
(1074, 1499431851),
(1075, 1499431854),
(1076, 1499431889),
(1077, 1499431892),
(1078, 1499432005),
(1079, 1499432006),
(1080, 1499432007),
(1081, 1499432010),
(1082, 1499432011),
(1083, 1499432594),
(1084, 1499432678),
(1085, 1499432895),
(1086, 1499432924),
(1087, 1499432927),
(1088, 1499432936),
(1089, 1499432938),
(1090, 1499433029),
(1091, 1499433031),
(1092, 1499433034),
(1093, 1499433037),
(1094, 1499433092),
(1095, 1499433094),
(1096, 1499433120),
(1097, 1499433171),
(1098, 1499433177),
(1099, 1499433261),
(1100, 1499433263),
(1101, 1499433269),
(1102, 1499433275),
(1103, 1499433276),
(1104, 1499433283),
(1105, 1499433284),
(1106, 1499433298),
(1107, 1499433356),
(1108, 1499433378),
(1109, 1499433448),
(1110, 1499433449),
(1111, 1499433450),
(1112, 1499433456),
(1113, 1499433481),
(1114, 1499433485),
(1115, 1499433489),
(1116, 1499433540),
(1117, 1499433550),
(1118, 1499433566),
(1119, 1499433634),
(1120, 1499433663),
(1121, 1499433665),
(1122, 1499433768),
(1123, 1499433825),
(1124, 1499433827),
(1125, 1499433828),
(1126, 1499433829),
(1127, 1499433843),
(1128, 1499433878),
(1129, 1499433941),
(1130, 1499433946),
(1131, 1499433983),
(1132, 1499433985),
(1133, 1499433987),
(1134, 1499433992),
(1135, 1499433994),
(1136, 1499434037),
(1137, 1499434040),
(1138, 1499434113),
(1139, 1499434128),
(1140, 1499434130),
(1141, 1499434152),
(1142, 1499434158),
(1143, 1499434186),
(1144, 1499434213),
(1145, 1499434230),
(1146, 1499434232),
(1147, 1499434327),
(1148, 1499434330),
(1149, 1499434545),
(1150, 1499434556),
(1151, 1499434565),
(1152, 1499434567),
(1153, 1499434612),
(1154, 1499434613),
(1155, 1499434665),
(1156, 1499434675),
(1157, 1499434676),
(1158, 1499434724),
(1159, 1499434726),
(1160, 1499434733),
(1161, 1499434776),
(1162, 1499434780),
(1163, 1499434782),
(1164, 1499434812),
(1165, 1499434831),
(1166, 1499434833),
(1167, 1499434914),
(1168, 1499434918),
(1169, 1499434919),
(1170, 1499434920),
(1171, 1499434921),
(1172, 1499435150),
(1173, 1499435157),
(1174, 1499435292),
(1175, 1499435334),
(1176, 1499435358),
(1177, 1499435371),
(1178, 1499435372),
(1179, 1499435378),
(1180, 1499435381),
(1181, 1499435436),
(1182, 1499435439),
(1183, 1499435443),
(1184, 1499435445),
(1185, 1499435482),
(1186, 1499435483),
(1187, 1499435484),
(1188, 1499435490),
(1189, 1499435508),
(1190, 1499435511),
(1191, 1499435520),
(1192, 1499435523),
(1193, 1499435551),
(1194, 1499435552),
(1195, 1499435559),
(1196, 1499435562),
(1197, 1499435758),
(1198, 1499435759),
(1199, 1499435760),
(1200, 1499435776),
(1201, 1499435778),
(1202, 1499435830),
(1203, 1499435869),
(1204, 1499435882),
(1205, 1499435897),
(1206, 1499435900),
(1207, 1499435905),
(1208, 1499435912),
(1209, 1499435919),
(1210, 1499435925),
(1211, 1499435927),
(1212, 1499435929),
(1213, 1499435951),
(1214, 1499435970),
(1215, 1499435971),
(1216, 1499436027),
(1217, 1499436036),
(1218, 1499436039),
(1219, 1499436044),
(1220, 1499436062),
(1221, 1499436076),
(1222, 1499436078),
(1223, 1499436118),
(1224, 1499436121),
(1225, 1499436123),
(1226, 1499436147),
(1227, 1499436153),
(1228, 1499436189),
(1229, 1499436191),
(1230, 1499436193),
(1231, 1499436266),
(1232, 1499436268),
(1233, 1499436269),
(1234, 1499436271),
(1235, 1499436284),
(1236, 1499436285),
(1237, 1499436291),
(1238, 1499436341),
(1239, 1499436342),
(1240, 1499436344),
(1241, 1499436344),
(1242, 1499436347),
(1243, 1499436351),
(1244, 1499436355),
(1245, 1499436356),
(1246, 1499436429),
(1247, 1499436430),
(1248, 1499436433),
(1249, 1499436439),
(1250, 1499436452),
(1251, 1499436453),
(1252, 1499436466),
(1253, 1499436488),
(1254, 1499436491),
(1255, 1499436500),
(1256, 1499436594),
(1257, 1499436723),
(1258, 1499436729),
(1259, 1499436731),
(1260, 1499436738),
(1261, 1499436766),
(1262, 1499436768),
(1263, 1499436770),
(1264, 1499436805),
(1265, 1499436888),
(1266, 1499436892),
(1267, 1499436894),
(1268, 1499436896),
(1269, 1499436899),
(1270, 1499436901),
(1271, 1499436920),
(1272, 1499436921),
(1273, 1499436922),
(1274, 1499436925),
(1275, 1499436926),
(1276, 1499436940),
(1277, 1499436961),
(1278, 1499436966),
(1279, 1499436973),
(1280, 1499436977),
(1281, 1499436980),
(1282, 1499436981),
(1283, 1499436983),
(1284, 1499436990),
(1285, 1499436993),
(1286, 1499436999),
(1287, 1499437003),
(1288, 1499437005),
(1289, 1499437030),
(1290, 1499437033),
(1291, 1499437036),
(1292, 1499437039),
(1293, 1499437045),
(1294, 1499437051),
(1295, 1499437053),
(1296, 1499437055),
(1297, 1499437066),
(1298, 1499437071),
(1299, 1499437075),
(1300, 1499437076),
(1301, 1499437077),
(1302, 1499437079),
(1303, 1499437083),
(1304, 1499437086),
(1305, 1499437088),
(1306, 1499437137),
(1307, 1499437171),
(1308, 1499437175),
(1309, 1499437177),
(1310, 1499437179),
(1311, 1499437183),
(1312, 1499437185),
(1313, 1499437193),
(1314, 1499437198),
(1315, 1499437216),
(1316, 1499437224),
(1317, 1499437231),
(1318, 1499437292),
(1319, 1499437296),
(1320, 1499437310),
(1321, 1499437312),
(1322, 1499437328),
(1323, 1499437352),
(1324, 1499437355),
(1325, 1499437356),
(1326, 1499437358),
(1327, 1499437466),
(1328, 1499437468),
(1329, 1499437477),
(1330, 1499437507),
(1331, 1499437509),
(1332, 1499437518),
(1333, 1499437549),
(1334, 1499437566),
(1335, 1499437571),
(1336, 1499437573),
(1337, 1499437579),
(1338, 1499437622),
(1339, 1499437638),
(1340, 1499437641),
(1341, 1499437673),
(1342, 1499437686),
(1343, 1499437706),
(1344, 1499437710),
(1345, 1499437717),
(1346, 1499437736),
(1347, 1499437743),
(1348, 1499437745),
(1349, 1499437766),
(1350, 1499437772),
(1351, 1499437855),
(1352, 1499437858),
(1353, 1499437865),
(1354, 1499437867),
(1355, 1499437868),
(1356, 1499437870),
(1357, 1499437874),
(1358, 1499437903),
(1359, 1499437905),
(1360, 1499438040),
(1361, 1499438041),
(1362, 1499438052),
(1363, 1499438098),
(1364, 1499438223),
(1365, 1499438235),
(1366, 1499438242),
(1367, 1499438243),
(1368, 1499438244),
(1369, 1499438258),
(1370, 1499438261),
(1371, 1499438382),
(1372, 1499438385),
(1373, 1499438385),
(1374, 1499438405),
(1375, 1499438439),
(1376, 1499438509),
(1377, 1499438527),
(1378, 1499438593),
(1379, 1499438626),
(1380, 1499438841),
(1381, 1499438842),
(1382, 1499438844),
(1383, 1499438845),
(1384, 1499438954),
(1385, 1499438976),
(1386, 1499438979),
(1387, 1499439090),
(1388, 1499439136),
(1389, 1499439138),
(1390, 1499439151),
(1391, 1499439179),
(1392, 1499439185),
(1393, 1499439191),
(1394, 1499439220),
(1395, 1499439247),
(1396, 1499439251),
(1397, 1499439270),
(1398, 1499439410),
(1399, 1499439413),
(1400, 1499439416),
(1401, 1499439560),
(1402, 1499439564),
(1403, 1499439572),
(1404, 1499439576),
(1405, 1499439581),
(1406, 1499439582),
(1407, 1499439621),
(1408, 1499439642),
(1409, 1499439779),
(1410, 1499439784),
(1411, 1499439787),
(1412, 1499439795),
(1413, 1499439820),
(1414, 1499439915),
(1415, 1499440130),
(1416, 1499440136),
(1417, 1499440175),
(1418, 1499440178),
(1419, 1499440179),
(1420, 1499440185),
(1421, 1499440193),
(1422, 1499440214),
(1423, 1499440216),
(1424, 1499440255),
(1425, 1499440320),
(1426, 1499440703),
(1427, 1499440730),
(1428, 1499440732),
(1429, 1499440887),
(1430, 1499440898),
(1431, 1499440904),
(1432, 1499440907),
(1433, 1499440909),
(1434, 1499440914),
(1435, 1499441005),
(1436, 1499441031),
(1437, 1499441058),
(1438, 1499441088),
(1439, 1499441089),
(1440, 1499441091),
(1441, 1499441091),
(1442, 1499441093),
(1443, 1499441095),
(1444, 1499441096),
(1445, 1499441243),
(1446, 1499441247),
(1447, 1499441249),
(1448, 1499441277),
(1449, 1499441282),
(1450, 1499441294),
(1451, 1499441335),
(1452, 1499441338),
(1453, 1499441404),
(1454, 1499441445),
(1455, 1499441447),
(1456, 1499441448),
(1457, 1499441450),
(1458, 1499441452),
(1459, 1499441511),
(1460, 1499441513),
(1461, 1499441518),
(1462, 1499441521),
(1463, 1499441522),
(1464, 1499441528),
(1465, 1499441625),
(1466, 1499441636),
(1467, 1499441638),
(1468, 1499441768),
(1469, 1499441776),
(1470, 1499441777),
(1471, 1499441779),
(1472, 1499441786),
(1473, 1499441788),
(1474, 1499441979),
(1475, 1499441980),
(1476, 1499442019),
(1477, 1499442024),
(1478, 1499442027),
(1479, 1499442034),
(1480, 1499442075),
(1481, 1499442086),
(1482, 1499442089),
(1483, 1499442095),
(1484, 1499442098),
(1485, 1499442105),
(1486, 1499442113),
(1487, 1499442197),
(1488, 1499442199),
(1489, 1499442209),
(1490, 1499442220),
(1491, 1499442279),
(1492, 1499442334),
(1493, 1499442371),
(1494, 1499442375),
(1495, 1499442385),
(1496, 1499442390),
(1497, 1499442453),
(1498, 1499442508),
(1499, 1499442537),
(1500, 1499442640),
(1501, 1499442641),
(1502, 1499442643),
(1503, 1499442644),
(1504, 1499442650),
(1505, 1499442722),
(1506, 1499442726),
(1507, 1499442733),
(1508, 1499442739),
(1509, 1499442746),
(1510, 1499442748),
(1511, 1499442775),
(1512, 1499442837),
(1513, 1499442838),
(1514, 1499442842),
(1515, 1499442850),
(1516, 1499442852),
(1517, 1499442874),
(1518, 1499442877),
(1519, 1499442879),
(1520, 1499442882),
(1521, 1499442944),
(1522, 1499442947),
(1523, 1499443302),
(1524, 1499444576),
(1525, 1499444598),
(1526, 1499444683),
(1527, 1499444687),
(1528, 1499444690),
(1529, 1499444693),
(1530, 1499444712),
(1531, 1499445251),
(1532, 1499445287),
(1533, 1499445332),
(1534, 1499445340),
(1535, 1499445341),
(1536, 1499445343),
(1537, 1499446105),
(1538, 1499448845),
(1539, 1499448851),
(1540, 1499448907),
(1541, 1499448931),
(1542, 1499448958),
(1543, 1499448983),
(1544, 1499450948),
(1545, 1499451221),
(1546, 1499451285),
(1547, 1499451298),
(1548, 1499451301),
(1549, 1499451302),
(1550, 1499451303),
(1551, 1499451331),
(1552, 1499451333),
(1553, 1499451334),
(1554, 1499451340),
(1555, 1499451344),
(1556, 1499451345),
(1557, 1499451373),
(1558, 1499451375),
(1559, 1499451376),
(1560, 1499451424),
(1561, 1499451426),
(1562, 1499451427),
(1563, 1499451427),
(1564, 1499451440),
(1565, 1499451441),
(1566, 1499451445),
(1567, 1499451446),
(1568, 1499451446),
(1569, 1499451461),
(1570, 1499451485),
(1571, 1499451486),
(1572, 1499451486),
(1573, 1499451507),
(1574, 1499451509),
(1575, 1499451517),
(1576, 1499451518),
(1577, 1499451520),
(1578, 1499451584),
(1579, 1499451657),
(1580, 1499451690),
(1581, 1499451746),
(1582, 1499451747),
(1583, 1499451749),
(1584, 1499451750),
(1585, 1499451784),
(1586, 1499451816),
(1587, 1499451825),
(1588, 1499451868),
(1589, 1499451870),
(1590, 1499451871),
(1591, 1499451882),
(1592, 1499451885),
(1593, 1499451904),
(1594, 1499451907),
(1595, 1499451911),
(1596, 1499451915),
(1597, 1499451917),
(1598, 1499452036),
(1599, 1499452149),
(1600, 1499452153),
(1601, 1499452157),
(1602, 1499452221),
(1603, 1499452300),
(1604, 1499452301),
(1605, 1499452452),
(1606, 1499452460),
(1607, 1499452540),
(1608, 1499452562),
(1609, 1499452584),
(1610, 1499452600),
(1611, 1499452602),
(1612, 1499452621),
(1613, 1499452725),
(1614, 1499452755),
(1615, 1499452803),
(1616, 1499452805),
(1617, 1499452807),
(1618, 1499452824),
(1619, 1499452825),
(1620, 1499452839),
(1621, 1499452948),
(1622, 1499452975),
(1623, 1499452983),
(1624, 1499452993),
(1625, 1499453000),
(1626, 1499453052),
(1627, 1499453054),
(1628, 1499453058),
(1629, 1499453064),
(1630, 1499453066),
(1631, 1499453073),
(1632, 1499453075),
(1633, 1499453082),
(1634, 1499453084),
(1635, 1499453085),
(1636, 1499453092),
(1637, 1499453093),
(1638, 1499453095),
(1639, 1499453097),
(1640, 1499453115),
(1641, 1499453116),
(1642, 1499453129),
(1643, 1499453147),
(1644, 1499453176),
(1645, 1499453180),
(1646, 1499453182),
(1647, 1499453199),
(1648, 1499453202),
(1649, 1499453227),
(1650, 1499453233),
(1651, 1499453244),
(1652, 1499453247),
(1653, 1499453265),
(1654, 1499453267),
(1655, 1499453316),
(1656, 1499453328),
(1657, 1499453343),
(1658, 1499453348),
(1659, 1499453350),
(1660, 1499453355),
(1661, 1499453439),
(1662, 1499453442),
(1663, 1499453460),
(1664, 1499453463),
(1665, 1499453465),
(1666, 1499453571),
(1667, 1499453716),
(1668, 1499453718),
(1669, 1499453733),
(1670, 1499453766),
(1671, 1499453790),
(1672, 1499453794),
(1673, 1499453914),
(1674, 1499453997),
(1675, 1499454053),
(1676, 1499454177),
(1677, 1499454180),
(1678, 1499454181),
(1679, 1499454183),
(1680, 1499454259),
(1681, 1499454300),
(1682, 1499454308),
(1683, 1499454312),
(1684, 1499454351),
(1685, 1499454353),
(1686, 1499454454),
(1687, 1499454456),
(1688, 1499454469),
(1689, 1499454519),
(1690, 1499454524),
(1691, 1499454536),
(1692, 1499454540),
(1693, 1499454543),
(1694, 1499454563),
(1695, 1499454568),
(1696, 1499454582),
(1697, 1499454588),
(1698, 1499454590),
(1699, 1499454591),
(1700, 1499454594),
(1701, 1499454596),
(1702, 1499454601),
(1703, 1499454608),
(1704, 1499454619),
(1705, 1499454652),
(1706, 1499454654),
(1707, 1499454669),
(1708, 1499454717),
(1709, 1499454829),
(1710, 1499454859),
(1711, 1499454862),
(1712, 1499454896),
(1713, 1499454927),
(1714, 1499455013),
(1715, 1499455223),
(1716, 1499455297),
(1717, 1499455358),
(1718, 1499455379),
(1719, 1499455533),
(1720, 1499455536),
(1721, 1499455923),
(1722, 1499455997),
(1723, 1499455998),
(1724, 1499456032),
(1725, 1499456079),
(1726, 1499456138),
(1727, 1499456159),
(1728, 1499456169),
(1729, 1499456175),
(1730, 1499456358),
(1731, 1499456369),
(1732, 1499456382),
(1733, 1499456502),
(1734, 1499456760),
(1735, 1499456798),
(1736, 1499456830),
(1737, 1499456862),
(1738, 1499456879),
(1739, 1499456886),
(1740, 1499456887),
(1741, 1499456901),
(1742, 1499456934),
(1743, 1499456937),
(1744, 1499456949),
(1745, 1499456951),
(1746, 1499456957),
(1747, 1499457024),
(1748, 1499457052),
(1749, 1499457055),
(1750, 1499457058),
(1751, 1499457085),
(1752, 1499457103),
(1753, 1499457120),
(1754, 1499457253),
(1755, 1499457372),
(1756, 1499457656),
(1757, 1499457668),
(1758, 1499457678),
(1759, 1499457724),
(1760, 1499458210),
(1761, 1499458298),
(1762, 1499458332),
(1763, 1499458777),
(1764, 1499458784),
(1765, 1499458900),
(1766, 1499458904),
(1767, 1499458907),
(1768, 1499458912),
(1769, 1499458915),
(1770, 1499459019),
(1771, 1499459117),
(1772, 1499459592),
(1773, 1499459596),
(1774, 1499459697),
(1775, 1499459711),
(1776, 1499459745),
(1777, 1499459748),
(1778, 1499459759),
(1779, 1499459762),
(1780, 1499459775),
(1781, 1499459778),
(1782, 1499459845),
(1783, 1499459849),
(1784, 1499459892),
(1785, 1499459915),
(1786, 1499459917),
(1787, 1499459941),
(1788, 1499459950),
(1789, 1499460024),
(1790, 1499460078),
(1791, 1499460082),
(1792, 1499460306),
(1793, 1499460311),
(1794, 1499460321),
(1795, 1499460327),
(1796, 1499460370),
(1797, 1499460374),
(1798, 1499460423),
(1799, 1499460428),
(1800, 1499460432),
(1801, 1499460474),
(1802, 1499460477),
(1803, 1499460535),
(1804, 1499460539),
(1805, 1499460591),
(1806, 1499461175),
(1807, 1499461201),
(1808, 1499461206),
(1809, 1499461247),
(1810, 1499461252),
(1811, 1499461268),
(1812, 1499461271),
(1813, 1499461274),
(1814, 1499461274),
(1815, 1499474722),
(1816, 1499474757),
(1817, 1499474784),
(1818, 1499474790),
(1819, 1499474797),
(1820, 1499474801),
(1821, 1499485844),
(1822, 1499485854),
(1823, 1499485861),
(1824, 1499485863),
(1825, 1499485866),
(1826, 1499485905),
(1827, 1499485914),
(1828, 1499485922),
(1829, 1499485929),
(1830, 1499485934),
(1831, 1499485948),
(1832, 1499486612),
(1833, 1499486658),
(1834, 1499486673),
(1835, 1499486677),
(1836, 1499486684),
(1837, 1499486685),
(1838, 1499486694),
(1839, 1499486730),
(1840, 1499486736),
(1841, 1499486752),
(1842, 1499486754),
(1843, 1499486756),
(1844, 1499486769),
(1845, 1499486771),
(1846, 1499497601),
(1847, 1499497667),
(1848, 1499497725),
(1849, 1499497760),
(1850, 1499497896),
(1851, 1499497966),
(1852, 1499498203),
(1853, 1499498261),
(1854, 1499498268),
(1855, 1499498286),
(1856, 1499498287),
(1857, 1499498416),
(1858, 1499498419),
(1859, 1499498441),
(1860, 1499498459),
(1861, 1499498462),
(1862, 1499498543),
(1863, 1499498545),
(1864, 1499498546),
(1865, 1499498641),
(1866, 1499498660),
(1867, 1499498664),
(1868, 1499498738),
(1869, 1499498842),
(1870, 1499498846),
(1871, 1499498854),
(1872, 1499499112),
(1873, 1499499113),
(1874, 1499499129),
(1875, 1499499149),
(1876, 1499499202),
(1877, 1499499221),
(1878, 1499499268),
(1879, 1499499270),
(1880, 1499499271),
(1881, 1499499292),
(1882, 1499499388),
(1883, 1499499392),
(1884, 1499499393),
(1885, 1499499397),
(1886, 1499499407),
(1887, 1499499425),
(1888, 1499499427),
(1889, 1499499449),
(1890, 1499499451),
(1891, 1499499493),
(1892, 1499499591),
(1893, 1499499594),
(1894, 1499499656),
(1895, 1499499672),
(1896, 1499499686),
(1897, 1499499752),
(1898, 1499499777),
(1899, 1499499791),
(1900, 1499499801),
(1901, 1499499803),
(1902, 1499499818),
(1903, 1499499831),
(1904, 1499499836),
(1905, 1499499845),
(1906, 1499499858),
(1907, 1499499858),
(1908, 1499499859),
(1909, 1499499868),
(1910, 1499499874),
(1911, 1499499879),
(1912, 1499499885),
(1913, 1499499888),
(1914, 1499499890),
(1915, 1499499892),
(1916, 1499499913),
(1917, 1499499915),
(1918, 1499499917),
(1919, 1499499920),
(1920, 1499500217),
(1921, 1499500951),
(1922, 1499501400),
(1923, 1499501439),
(1924, 1499501475),
(1925, 1499501481),
(1926, 1499501535),
(1927, 1499501537),
(1928, 1499501541),
(1929, 1499501542),
(1930, 1499501545),
(1931, 1499501835),
(1932, 1499501838),
(1933, 1499501968),
(1934, 1499501970),
(1935, 1499501971),
(1936, 1499501971),
(1937, 1499502013),
(1938, 1499502025),
(1939, 1499502193),
(1940, 1499502268),
(1941, 1499502269),
(1942, 1499502309),
(1943, 1499502311),
(1944, 1499502325),
(1945, 1499502342),
(1946, 1499502363),
(1947, 1499502482),
(1948, 1499502514),
(1949, 1499502516),
(1950, 1499502522),
(1951, 1499502523),
(1952, 1499502547),
(1953, 1499502548),
(1954, 1499502640),
(1955, 1499502649),
(1956, 1499502649),
(1957, 1499502673),
(1958, 1499502695),
(1959, 1499502701),
(1960, 1499502706),
(1961, 1499502711),
(1962, 1499502712),
(1963, 1499502723),
(1964, 1499502724),
(1965, 1499502727),
(1966, 1499502736),
(1967, 1499503033),
(1968, 1499504143),
(1969, 1499504147),
(1970, 1499504149),
(1971, 1499504157),
(1972, 1499504158),
(1973, 1499504179),
(1974, 1499504182),
(1975, 1499504187),
(1976, 1499504236),
(1977, 1499504241),
(1978, 1499504246),
(1979, 1499504248),
(1980, 1499504252),
(1981, 1499504259),
(1982, 1499504264),
(1983, 1499504268),
(1984, 1499504272),
(1985, 1499504277),
(1986, 1499504281),
(1987, 1499504282),
(1988, 1499504286),
(1989, 1499504288),
(1990, 1499504291),
(1991, 1499504294),
(1992, 1499504298),
(1993, 1499504300),
(1994, 1499504311),
(1995, 1499504314),
(1996, 1499504317),
(1997, 1499504649),
(1998, 1499504663),
(1999, 1499504762),
(2000, 1499504768),
(2001, 1499504771),
(2002, 1499504809),
(2003, 1499504812),
(2004, 1499504813),
(2005, 1499504817),
(2006, 1499504822),
(2007, 1499504823),
(2008, 1499504829),
(2009, 1499504830),
(2010, 1499504836),
(2011, 1499504837),
(2012, 1499504840),
(2013, 1499504842),
(2014, 1499504845),
(2015, 1499504858),
(2016, 1499504862),
(2017, 1499504864),
(2018, 1499504864),
(2019, 1499504864),
(2020, 1499504872),
(2021, 1499504873),
(2022, 1499504880),
(2023, 1499504880),
(2024, 1499504886),
(2025, 1499504887),
(2026, 1499504888),
(2027, 1499504897),
(2028, 1499504898),
(2029, 1499504903),
(2030, 1499504914),
(2031, 1499504917),
(2032, 1499504930),
(2033, 1499504932),
(2034, 1499505045),
(2035, 1499505046),
(2036, 1499505050),
(2037, 1499505054),
(2038, 1499505146),
(2039, 1499505226),
(2040, 1499505243),
(2041, 1499505246),
(2042, 1499505249),
(2043, 1499505280),
(2044, 1499505283),
(2045, 1499505368),
(2046, 1499505376),
(2047, 1499505377),
(2048, 1499505634),
(2049, 1499505726),
(2050, 1499505729),
(2051, 1499505737),
(2052, 1499506152),
(2053, 1499506156),
(2054, 1499506323),
(2055, 1499506358),
(2056, 1499506369),
(2057, 1499506437),
(2058, 1499506582),
(2059, 1499506828),
(2060, 1499506829),
(2061, 1499506846),
(2062, 1499506943),
(2063, 1499506948),
(2064, 1499507529),
(2065, 1499507549),
(2066, 1499507565),
(2067, 1499507567),
(2068, 1499507586),
(2069, 1499507641),
(2070, 1499507724),
(2071, 1499507727),
(2072, 1499507771),
(2073, 1499507773),
(2074, 1499507776),
(2075, 1499507781),
(2076, 1499507784),
(2077, 1499507818),
(2078, 1499507838),
(2079, 1499507992),
(2080, 1499508261),
(2081, 1499508315),
(2082, 1499508320),
(2083, 1499508359),
(2084, 1499508388),
(2085, 1499508391),
(2086, 1499508411),
(2087, 1499508412),
(2088, 1499508414),
(2089, 1499508419),
(2090, 1499508431),
(2091, 1499508486),
(2092, 1499508487),
(2093, 1499508573),
(2094, 1499508578),
(2095, 1499508582),
(2096, 1499508586),
(2097, 1499508604),
(2098, 1499508611),
(2099, 1499508620),
(2100, 1499508688),
(2101, 1499508689),
(2102, 1499508693),
(2103, 1499508697),
(2104, 1499508699),
(2105, 1499508705),
(2106, 1499508747),
(2107, 1499508805),
(2108, 1499508811),
(2109, 1499508827),
(2110, 1499508831),
(2111, 1499508842),
(2112, 1499508847),
(2113, 1499508912),
(2114, 1499508915),
(2115, 1499508919),
(2116, 1499509026),
(2117, 1499509028),
(2118, 1499509029),
(2119, 1499509036),
(2120, 1499509039),
(2121, 1499509065),
(2122, 1499509085),
(2123, 1499509086),
(2124, 1499509121),
(2125, 1499509124),
(2126, 1499509128),
(2127, 1499509140),
(2128, 1499509175),
(2129, 1499509188),
(2130, 1499509196),
(2131, 1499509207),
(2132, 1499509221),
(2133, 1499509404),
(2134, 1499509407),
(2135, 1499509409),
(2136, 1499509413),
(2137, 1499509414),
(2138, 1499509414),
(2139, 1499509415),
(2140, 1499509419),
(2141, 1499509421),
(2142, 1499509429),
(2143, 1499509432),
(2144, 1499509436),
(2145, 1499509441),
(2146, 1499509443),
(2147, 1499509445),
(2148, 1499509472),
(2149, 1499509483),
(2150, 1499509489),
(2151, 1499509493),
(2152, 1499509505),
(2153, 1499509516),
(2154, 1499509516),
(2155, 1499509518),
(2156, 1499509526),
(2157, 1499509531),
(2158, 1499509541),
(2159, 1499509569),
(2160, 1499509570),
(2161, 1499509592),
(2162, 1499509595),
(2163, 1499509597),
(2164, 1499509605),
(2165, 1499509615),
(2166, 1499509615),
(2167, 1499509625),
(2168, 1499509645),
(2169, 1499509659),
(2170, 1499509662),
(2171, 1499509665),
(2172, 1499509671),
(2173, 1499509678),
(2174, 1499510390),
(2175, 1499510399),
(2176, 1499510955),
(2177, 1499510957),
(2178, 1499511301),
(2179, 1499511326),
(2180, 1499511326),
(2181, 1499511442),
(2182, 1499511702),
(2183, 1499511714),
(2184, 1499511724),
(2185, 1499511728),
(2186, 1499511738),
(2187, 1499511777),
(2188, 1499511779),
(2189, 1499511800),
(2190, 1499511821),
(2191, 1499512891),
(2192, 1499512928),
(2193, 1499512929),
(2194, 1499512943),
(2195, 1499512957),
(2196, 1499512960),
(2197, 1499513076),
(2198, 1499513206),
(2199, 1499513282),
(2200, 1499513288),
(2201, 1499513607),
(2202, 1499513629),
(2203, 1499513635),
(2204, 1499513642),
(2205, 1499513648),
(2206, 1499513653),
(2207, 1499513665),
(2208, 1499513666),
(2209, 1499513674),
(2210, 1499513676),
(2211, 1499513690),
(2212, 1499513693),
(2213, 1499513719),
(2214, 1499513727),
(2215, 1499513737),
(2216, 1499513996),
(2217, 1499514244),
(2218, 1499514366),
(2219, 1499514395),
(2220, 1499514457),
(2221, 1499514474),
(2222, 1499514635),
(2223, 1499514648),
(2224, 1499515384),
(2225, 1499515453),
(2226, 1499515454),
(2227, 1499515457),
(2228, 1499515537),
(2229, 1499515539),
(2230, 1499515554),
(2231, 1499515620),
(2232, 1499515668),
(2233, 1499515671),
(2234, 1499515676),
(2235, 1499515814),
(2236, 1499515889),
(2237, 1499520822),
(2238, 1499520837),
(2239, 1499520852),
(2240, 1499520852),
(2241, 1499520860),
(2242, 1499520954),
(2243, 1499520968),
(2244, 1499521406),
(2245, 1499521415),
(2246, 1499521798),
(2247, 1499524053),
(2248, 1499594268),
(2249, 1499594500),
(2250, 1499606411),
(2251, 1499626331),
(2252, 1499626696),
(2253, 1499630389),
(2254, 1499630402),
(2255, 1499630405),
(2256, 1499630409),
(2257, 1499630420),
(2258, 1499630422),
(2259, 1499630426),
(2260, 1499630441),
(2261, 1499630443),
(2262, 1499630443),
(2263, 1499630447),
(2264, 1499630448),
(2265, 1499630456),
(2266, 1499682630),
(2267, 1499682705),
(2268, 1499682987),
(2269, 1499683311),
(2270, 1499683337),
(2271, 1499683339),
(2272, 1499683582),
(2273, 1499683711),
(2274, 1499683713),
(2275, 1499684021),
(2276, 1499684046),
(2277, 1499684175),
(2278, 1499684269),
(2279, 1499684271),
(2280, 1499684375),
(2281, 1499684377),
(2282, 1499684456),
(2283, 1499684522),
(2284, 1499684623),
(2285, 1499684626),
(2286, 1499684692),
(2287, 1499684694),
(2288, 1499684695),
(2289, 1499684710),
(2290, 1499684711),
(2291, 1499684722),
(2292, 1499684745),
(2293, 1499684747),
(2294, 1499684771),
(2295, 1499684819),
(2296, 1499684846),
(2297, 1499684883),
(2298, 1499684886),
(2299, 1499684941),
(2300, 1499684974),
(2301, 1499685000),
(2302, 1499685049),
(2303, 1499685072),
(2304, 1499685075),
(2305, 1499685078),
(2306, 1499685215),
(2307, 1499685681),
(2308, 1499685682),
(2309, 1499686183),
(2310, 1499686184),
(2311, 1499686194),
(2312, 1499686443),
(2313, 1499686514),
(2314, 1499686548),
(2315, 1499686560),
(2316, 1499686561),
(2317, 1499686637),
(2318, 1499686639),
(2319, 1499686641),
(2320, 1499686649),
(2321, 1499686733),
(2322, 1499687417),
(2323, 1499687508),
(2324, 1499687548),
(2325, 1499687549),
(2326, 1499687551),
(2327, 1499687637),
(2328, 1499687661),
(2329, 1499687692),
(2330, 1499687704),
(2331, 1499688011),
(2332, 1499689582),
(2333, 1499689613),
(2334, 1499689614),
(2335, 1499690004),
(2336, 1499690121),
(2337, 1499690125),
(2338, 1499693311),
(2339, 1499693312),
(2340, 1499693325),
(2341, 1499693413),
(2342, 1499693741),
(2343, 1499693747),
(2344, 1499693753),
(2345, 1499693800),
(2346, 1499694080),
(2347, 1499694083),
(2348, 1499694254),
(2349, 1499695243),
(2350, 1499696023),
(2351, 1499696190),
(2352, 1499696230),
(2353, 1499696265),
(2354, 1499696267),
(2355, 1499696291),
(2356, 1499696722),
(2357, 1499696831),
(2358, 1499696845),
(2359, 1499696860),
(2360, 1499696909),
(2361, 1499696972),
(2362, 1499696975),
(2363, 1499697449),
(2364, 1499697647),
(2365, 1499697648),
(2366, 1499697741),
(2367, 1499697744),
(2368, 1499697780),
(2369, 1499697804),
(2370, 1499697950),
(2371, 1499697976),
(2372, 1499698049),
(2373, 1499698060),
(2374, 1499698082),
(2375, 1499698085),
(2376, 1499698100),
(2377, 1499698103),
(2378, 1499698142),
(2379, 1499698144),
(2380, 1499698151),
(2381, 1499698154),
(2382, 1499698168),
(2383, 1499698170),
(2384, 1499698175),
(2385, 1499698222),
(2386, 1499698225),
(2387, 1499698229),
(2388, 1499698232),
(2389, 1499698239),
(2390, 1499698279),
(2391, 1499698434),
(2392, 1499698448),
(2393, 1499698453),
(2394, 1499698528),
(2395, 1499698531),
(2396, 1499698534),
(2397, 1499698538),
(2398, 1499698552),
(2399, 1499698555),
(2400, 1499698563),
(2401, 1499698568),
(2402, 1499698573),
(2403, 1499698575),
(2404, 1499698579),
(2405, 1499698583),
(2406, 1499698590),
(2407, 1499698598),
(2408, 1499698602),
(2409, 1499698606),
(2410, 1499698613),
(2411, 1499698617),
(2412, 1499698622),
(2413, 1499698750),
(2414, 1499698753),
(2415, 1499698757),
(2416, 1499698765),
(2417, 1499698772),
(2418, 1499698778),
(2419, 1499698820),
(2420, 1499698824),
(2421, 1499698872),
(2422, 1499698878),
(2423, 1499698933),
(2424, 1499698943),
(2425, 1499698953),
(2426, 1499698955),
(2427, 1499698961),
(2428, 1499698966),
(2429, 1499699039),
(2430, 1499699090),
(2431, 1499699158),
(2432, 1499699201),
(2433, 1499699206),
(2434, 1499699217),
(2435, 1499699233),
(2436, 1499699238),
(2437, 1499699392),
(2438, 1499699396),
(2439, 1499699402),
(2440, 1499699405),
(2441, 1499699409),
(2442, 1499699410),
(2443, 1499699414),
(2444, 1499699419),
(2445, 1499699422),
(2446, 1499699424),
(2447, 1499699451),
(2448, 1499699881),
(2449, 1499699923),
(2450, 1499700260),
(2451, 1499700288),
(2452, 1499700297),
(2453, 1499700308),
(2454, 1499700320),
(2455, 1499700328),
(2456, 1499700328),
(2457, 1499700377),
(2458, 1499700386),
(2459, 1499700472),
(2460, 1499700477),
(2461, 1499700522),
(2462, 1499700526),
(2463, 1499700567),
(2464, 1499700570),
(2465, 1499700602),
(2466, 1499700611),
(2467, 1499700628),
(2468, 1499700663),
(2469, 1499700671),
(2470, 1499700678),
(2471, 1499700699),
(2472, 1499700701),
(2473, 1499700712),
(2474, 1499700764),
(2475, 1499700771),
(2476, 1499700775),
(2477, 1499700785),
(2478, 1499700883),
(2479, 1499700885),
(2480, 1499700887),
(2481, 1499700923),
(2482, 1499701039),
(2483, 1499701041),
(2484, 1499701066),
(2485, 1499701067),
(2486, 1499701082),
(2487, 1499701154),
(2488, 1499701176),
(2489, 1499701181),
(2490, 1499701189),
(2491, 1499701201),
(2492, 1499701207),
(2493, 1499701211),
(2494, 1499701278),
(2495, 1499701280),
(2496, 1499701294),
(2497, 1499701296),
(2498, 1499701297),
(2499, 1499701321),
(2500, 1499701323),
(2501, 1499701334),
(2502, 1499701335),
(2503, 1499701444),
(2504, 1499701480),
(2505, 1499701481),
(2506, 1499701492),
(2507, 1499701616),
(2508, 1499701773),
(2509, 1499701774),
(2510, 1499701776),
(2511, 1499701791),
(2512, 1499702281),
(2513, 1499702371),
(2514, 1499702997),
(2515, 1499704492),
(2516, 1499704502),
(2517, 1499704517),
(2518, 1499704522),
(2519, 1499704526),
(2520, 1499704530),
(2521, 1499704534),
(2522, 1499704536),
(2523, 1499704541),
(2524, 1499704685),
(2525, 1499707542),
(2526, 1499707594),
(2527, 1499718397),
(2528, 1499718402),
(2529, 1499718572),
(2530, 1499718595),
(2531, 1499718602),
(2532, 1499718652),
(2533, 1499718729),
(2534, 1499718733),
(2535, 1499718743),
(2536, 1499718751),
(2537, 1499718762),
(2538, 1499718766),
(2539, 1499718799),
(2540, 1499718809),
(2541, 1499719052),
(2542, 1499719140),
(2543, 1499719146),
(2544, 1499719196),
(2545, 1499719220),
(2546, 1499719724),
(2547, 1499719726),
(2548, 1499719743),
(2549, 1499719787),
(2550, 1499719824),
(2551, 1499719828),
(2552, 1499719831),
(2553, 1499719834),
(2554, 1499719845),
(2555, 1499720292),
(2556, 1499720391),
(2557, 1499720566),
(2558, 1499720973),
(2559, 1499721048),
(2560, 1499721085),
(2561, 1499721226),
(2562, 1499721251),
(2563, 1499721253),
(2564, 1499721266),
(2565, 1499721268),
(2566, 1499721284),
(2567, 1499721331),
(2568, 1499721334),
(2569, 1499721353),
(2570, 1499721429),
(2571, 1499721437),
(2572, 1499721469),
(2573, 1499721577),
(2574, 1499721593),
(2575, 1499721598),
(2576, 1499721654),
(2577, 1499721656),
(2578, 1499721784),
(2579, 1499721805),
(2580, 1499721870),
(2581, 1499721906),
(2582, 1499721908),
(2583, 1499722623),
(2584, 1499722752),
(2585, 1499722764),
(2586, 1499722769),
(2587, 1499722877),
(2588, 1499722887),
(2589, 1499722911),
(2590, 1499722928),
(2591, 1499722931),
(2592, 1499722935),
(2593, 1499722936),
(2594, 1499722941),
(2595, 1499723144),
(2596, 1499723314),
(2597, 1499723316),
(2598, 1499723319),
(2599, 1499723327),
(2600, 1499723388),
(2601, 1499723470),
(2602, 1499723477),
(2603, 1499723481),
(2604, 1499723488),
(2605, 1499723492),
(2606, 1499723498),
(2607, 1499723581),
(2608, 1499723583),
(2609, 1499723583),
(2610, 1499723587),
(2611, 1499723588),
(2612, 1499723590),
(2613, 1499723592),
(2614, 1499723601),
(2615, 1499723603),
(2616, 1499723612),
(2617, 1499723641),
(2618, 1499723644),
(2619, 1499723652),
(2620, 1499723656),
(2621, 1499723657),
(2622, 1499723661),
(2623, 1499723662),
(2624, 1499723684),
(2625, 1499723947),
(2626, 1499723950),
(2627, 1499723952),
(2628, 1499723960),
(2629, 1499723964),
(2630, 1499724049),
(2631, 1499724053),
(2632, 1499724055),
(2633, 1499724058),
(2634, 1499724064),
(2635, 1499724067),
(2636, 1499724069),
(2637, 1499724070),
(2638, 1499724075),
(2639, 1499724079),
(2640, 1499724235),
(2641, 1499724273),
(2642, 1499724275),
(2643, 1499724282),
(2644, 1499724285),
(2645, 1499724288),
(2646, 1499724364),
(2647, 1499724430),
(2648, 1499724585),
(2649, 1499724696),
(2650, 1499724698),
(2651, 1499724706),
(2652, 1499724709),
(2653, 1499724729),
(2654, 1499724777),
(2655, 1499724788),
(2656, 1499724803),
(2657, 1499724806),
(2658, 1499724808),
(2659, 1499724824),
(2660, 1499724826),
(2661, 1499724830),
(2662, 1499724833),
(2663, 1499724836),
(2664, 1499724839),
(2665, 1499724846),
(2666, 1499724848),
(2667, 1499724870),
(2668, 1499731848),
(2669, 1499731874),
(2670, 1499731882),
(2671, 1499731885),
(2672, 1499731887),
(2673, 1499731893),
(2674, 1499731918),
(2675, 1499731922),
(2676, 1499731925),
(2677, 1499731929),
(2678, 1499731948),
(2679, 1499731955),
(2680, 1499731964),
(2681, 1499731973),
(2682, 1499731976),
(2683, 1499731978),
(2684, 1499731981),
(2685, 1499731982),
(2686, 1499731990),
(2687, 1499731991),
(2688, 1499737800),
(2689, 1499741085),
(2690, 1499746866),
(2691, 1499746877),
(2692, 1499746880),
(2693, 1499746881),
(2694, 1499746888),
(2695, 1499746892),
(2696, 1499746912),
(2697, 1499746919),
(2698, 1499760599),
(2699, 1499761006),
(2700, 1499761040),
(2701, 1499761164),
(2702, 1499761165),
(2703, 1499761179),
(2704, 1499761194),
(2705, 1499761208),
(2706, 1499761215),
(2707, 1499761228),
(2708, 1499761244),
(2709, 1499761247),
(2710, 1499761251),
(2711, 1499762030),
(2712, 1499762203),
(2713, 1499762362),
(2714, 1499762365),
(2715, 1499762381),
(2716, 1499762384),
(2717, 1499762388),
(2718, 1499762437),
(2719, 1499762473),
(2720, 1499762523),
(2721, 1499762524),
(2722, 1499762774),
(2723, 1499762807),
(2724, 1499762838),
(2725, 1499762853),
(2726, 1499762908),
(2727, 1499763177),
(2728, 1499763402),
(2729, 1499763440),
(2730, 1499763616),
(2731, 1499763638),
(2732, 1499763679),
(2733, 1499763755),
(2734, 1499763862),
(2735, 1499764234),
(2736, 1499764238),
(2737, 1499764244),
(2738, 1499764253),
(2739, 1499764280),
(2740, 1499764281),
(2741, 1499764285),
(2742, 1499764295),
(2743, 1499764305),
(2744, 1499764310),
(2745, 1499764319),
(2746, 1499764321),
(2747, 1499764369),
(2748, 1499764372),
(2749, 1499764375),
(2750, 1499764597),
(2751, 1499764599),
(2752, 1499764604),
(2753, 1499764660),
(2754, 1499764662),
(2755, 1499764667),
(2756, 1499764681),
(2757, 1499764684),
(2758, 1499764687),
(2759, 1499764742),
(2760, 1499764745),
(2761, 1499764748),
(2762, 1499764751),
(2763, 1499764780),
(2764, 1499764796),
(2765, 1499764819),
(2766, 1499764915),
(2767, 1499764918),
(2768, 1499764920),
(2769, 1499764923),
(2770, 1499764932),
(2771, 1499764936),
(2772, 1499765008),
(2773, 1499765014),
(2774, 1499765015),
(2775, 1499765224),
(2776, 1499765529),
(2777, 1499765534),
(2778, 1499765535),
(2779, 1499765535),
(2780, 1499765536),
(2781, 1499765546),
(2782, 1499765551),
(2783, 1499765553),
(2784, 1499765555),
(2785, 1499765570),
(2786, 1499765606),
(2787, 1499765637),
(2788, 1499765705),
(2789, 1499765708),
(2790, 1499765712),
(2791, 1499765763),
(2792, 1499765813),
(2793, 1499765821),
(2794, 1499765935),
(2795, 1499765939),
(2796, 1499765942),
(2797, 1499765947),
(2798, 1499766142),
(2799, 1499766145),
(2800, 1499766148),
(2801, 1499766153),
(2802, 1499766236),
(2803, 1499766239),
(2804, 1499766243),
(2805, 1499766249),
(2806, 1499766454),
(2807, 1499766456),
(2808, 1499766459),
(2809, 1499766465),
(2810, 1499766604),
(2811, 1499766608),
(2812, 1499766611),
(2813, 1499766669),
(2814, 1499766673),
(2815, 1499766721),
(2816, 1499766724),
(2817, 1499766766),
(2818, 1499766776),
(2819, 1499766859),
(2820, 1499766865),
(2821, 1499766868),
(2822, 1499766940),
(2823, 1499766943),
(2824, 1499766947),
(2825, 1499766950),
(2826, 1499767004),
(2827, 1499767008),
(2828, 1499767012),
(2829, 1499767015),
(2830, 1499767025),
(2831, 1499767028),
(2832, 1499767030),
(2833, 1499767135),
(2834, 1499767244),
(2835, 1499767414),
(2836, 1499767424);
INSERT INTO `tb_luottruycap` (`id`, `date`) VALUES
(2837, 1499767554),
(2838, 1499767633),
(2839, 1499767637),
(2840, 1499767641),
(2841, 1499767648),
(2842, 1499767699),
(2843, 1499767727),
(2844, 1499767776),
(2845, 1499767780),
(2846, 1499767797),
(2847, 1499767852),
(2848, 1499768016),
(2849, 1499768145),
(2850, 1499768356),
(2851, 1499768415),
(2852, 1499768416),
(2853, 1499768764),
(2854, 1499768786),
(2855, 1499768796),
(2856, 1499768870),
(2857, 1499769110),
(2858, 1499769201),
(2859, 1499769375),
(2860, 1499769482),
(2861, 1499769558),
(2862, 1499769560),
(2863, 1499769654),
(2864, 1499769700),
(2865, 1499769742),
(2866, 1499769778),
(2867, 1499769800),
(2868, 1499770637),
(2869, 1499770641),
(2870, 1499770644),
(2871, 1499770830),
(2872, 1499771353),
(2873, 1499771416),
(2874, 1499774597),
(2875, 1499774604),
(2876, 1499774739),
(2877, 1499774742),
(2878, 1499774751),
(2879, 1499774930),
(2880, 1499774965),
(2881, 1499774965),
(2882, 1499774972),
(2883, 1499774976),
(2884, 1499774979),
(2885, 1499775174),
(2886, 1499775178),
(2887, 1499775187),
(2888, 1499775192),
(2889, 1499775196),
(2890, 1499775214),
(2891, 1499775228),
(2892, 1499775229),
(2893, 1499775230),
(2894, 1499775275),
(2895, 1499775278),
(2896, 1499775281),
(2897, 1499775297),
(2898, 1499775491),
(2899, 1499775497),
(2900, 1499775505),
(2901, 1499776022),
(2902, 1499807898),
(2903, 1499807977),
(2904, 1499807985),
(2905, 1499807993),
(2906, 1499807996),
(2907, 1499808002),
(2908, 1499808040),
(2909, 1499808042),
(2910, 1499808053),
(2911, 1499854085),
(2912, 1499854094),
(2913, 1499854095),
(2914, 1499887372),
(2915, 1499887372),
(2916, 1499887377),
(2917, 1499887381),
(2918, 1499887383),
(2919, 1499887385),
(2920, 1499887386),
(2921, 1499887387),
(2922, 1499887388),
(2923, 1499887388),
(2924, 1499887390),
(2925, 1499887390),
(2926, 1499887393),
(2927, 1499887394),
(2928, 1499887395),
(2929, 1499887397),
(2930, 1499887399),
(2931, 1499887400),
(2932, 1499887402),
(2933, 1499887405),
(2934, 1499887406),
(2935, 1499887407),
(2936, 1499887409),
(2937, 1499887411),
(2938, 1499887413),
(2939, 1499887413),
(2940, 1499887414),
(2941, 1499887415),
(2942, 1499887416),
(2943, 1499887417),
(2944, 1499887419),
(2945, 1499887419),
(2946, 1499887420),
(2947, 1499887421),
(2948, 1499887422),
(2949, 1499887423),
(2950, 1499887423),
(2951, 1499887425),
(2952, 1499887426),
(2953, 1499887426),
(2954, 1499887427),
(2955, 1499887429),
(2956, 1499887431),
(2957, 1499887432),
(2958, 1499887432),
(2959, 1499887433),
(2960, 1499887435),
(2961, 1499887435),
(2962, 1499887436),
(2963, 1499887437),
(2964, 1499887438),
(2965, 1499891946),
(2966, 1499891991),
(2967, 1499892004),
(2968, 1499892006),
(2969, 1499892015),
(2970, 1499893122),
(2971, 1499945958),
(2972, 1500038405),
(2973, 1500044540),
(2974, 1500046890),
(2975, 1500047687),
(2976, 1500048252),
(2977, 1500048255),
(2978, 1500048256),
(2979, 1500048260),
(2980, 1500048264),
(2981, 1500048267),
(2982, 1500048273),
(2983, 1500048465),
(2984, 1500048470),
(2985, 1500048473),
(2986, 1500048479),
(2987, 1500048482),
(2988, 1500048485),
(2989, 1500048489),
(2990, 1500048494),
(2991, 1500048497),
(2992, 1500048504),
(2993, 1500048516),
(2994, 1500048522),
(2995, 1500048526),
(2996, 1500051706),
(2997, 1500055154),
(2998, 1500055158),
(2999, 1500056163),
(3000, 1500056166),
(3001, 1500057118),
(3002, 1500057120),
(3003, 1500057131),
(3004, 1500058656),
(3005, 1500058680),
(3006, 1500058681),
(3007, 1500058699),
(3008, 1500058701),
(3009, 1500059390),
(3010, 1500061253),
(3011, 1500061254),
(3012, 1500061258),
(3013, 1500061262),
(3014, 1500061266),
(3015, 1500061269),
(3016, 1500061269),
(3017, 1500061352),
(3018, 1500061354),
(3019, 1500061416),
(3020, 1500061475),
(3021, 1500061551),
(3022, 1500061773),
(3023, 1500061811),
(3024, 1500061840),
(3025, 1500061845),
(3026, 1500061876),
(3027, 1500062035),
(3028, 1500062041),
(3029, 1500062044),
(3030, 1500062153),
(3031, 1500062288),
(3032, 1500062342),
(3033, 1500062360),
(3034, 1500062383),
(3035, 1500062389),
(3036, 1500062391),
(3037, 1500062395),
(3038, 1500062432),
(3039, 1500062471),
(3040, 1500062526),
(3041, 1500062981),
(3042, 1500063764),
(3043, 1500063766),
(3044, 1500063771),
(3045, 1500063778),
(3046, 1500063779),
(3047, 1500063789),
(3048, 1500063791),
(3049, 1500063834),
(3050, 1500063836),
(3051, 1500063839),
(3052, 1500063847),
(3053, 1500063848),
(3054, 1500063861),
(3055, 1500063882),
(3056, 1500063884),
(3057, 1500063893),
(3058, 1500063981),
(3059, 1500063988),
(3060, 1500066039),
(3061, 1500066041),
(3062, 1500066044),
(3063, 1500066048),
(3064, 1500066680),
(3065, 1500066682),
(3066, 1500067148),
(3067, 1500067722),
(3068, 1500070555),
(3069, 1500070572),
(3070, 1500070593),
(3071, 1500070669),
(3072, 1500077459),
(3073, 1500077516),
(3074, 1500077519),
(3075, 1500077523),
(3076, 1500077530),
(3077, 1500077533),
(3078, 1500077543),
(3079, 1500077553),
(3080, 1500077558),
(3081, 1500077560),
(3082, 1500077571),
(3083, 1500077573),
(3084, 1500077583),
(3085, 1500078391),
(3086, 1500087194),
(3087, 1500092712),
(3088, 1500092718),
(3089, 1500092783),
(3090, 1500092785),
(3091, 1500092859),
(3092, 1500092866),
(3093, 1500092870),
(3094, 1500092873),
(3095, 1500092877),
(3096, 1500092883),
(3097, 1500092886),
(3098, 1500092891),
(3099, 1500092894),
(3100, 1500092898),
(3101, 1500095239),
(3102, 1500095288),
(3103, 1500095379),
(3104, 1500095381),
(3105, 1500095383),
(3106, 1500095386),
(3107, 1500095388),
(3108, 1500095442),
(3109, 1500096057),
(3110, 1500096095),
(3111, 1500096098),
(3112, 1500096103),
(3113, 1500096106),
(3114, 1500096114),
(3115, 1500096121),
(3116, 1500096124),
(3117, 1500096126),
(3118, 1500096164),
(3119, 1500096167),
(3120, 1500096184),
(3121, 1500096186),
(3122, 1500096188),
(3123, 1500096364),
(3124, 1500096370),
(3125, 1500096383),
(3126, 1500096395),
(3127, 1500096609),
(3128, 1500096634),
(3129, 1500096687),
(3130, 1500096706),
(3131, 1500110315),
(3132, 1500112544),
(3133, 1500113217),
(3134, 1500115105),
(3135, 1500115683),
(3136, 1500115784),
(3137, 1500115809),
(3138, 1500115814),
(3139, 1500115818),
(3140, 1500115847),
(3141, 1500115887),
(3142, 1500117186),
(3143, 1500117192),
(3144, 1500117195),
(3145, 1500117265),
(3146, 1500117266),
(3147, 1500117268),
(3148, 1500117273),
(3149, 1500117286),
(3150, 1500117288),
(3151, 1500117317),
(3152, 1500117427),
(3153, 1500117465),
(3154, 1500117468),
(3155, 1500117472),
(3156, 1500117474),
(3157, 1500117561),
(3158, 1500117563),
(3159, 1500117569),
(3160, 1500117584),
(3161, 1500117603),
(3162, 1500117621),
(3163, 1500117641),
(3164, 1500117645),
(3165, 1500117649),
(3166, 1500117651),
(3167, 1500117765),
(3168, 1500117775),
(3169, 1500117795),
(3170, 1500117801),
(3171, 1500118052),
(3172, 1500118066),
(3173, 1500118186),
(3174, 1500130056),
(3175, 1500130070),
(3176, 1500130079),
(3177, 1500130085),
(3178, 1500130141),
(3179, 1500130143),
(3180, 1500130980),
(3181, 1500130984),
(3182, 1500130986),
(3183, 1500130989),
(3184, 1500130998),
(3185, 1500131000),
(3186, 1500131002),
(3187, 1500131006),
(3188, 1500131008),
(3189, 1500131010),
(3190, 1500131013),
(3191, 1500131014),
(3192, 1500131015),
(3193, 1500131022),
(3194, 1500131026),
(3195, 1500131253),
(3196, 1500131254),
(3197, 1500131258),
(3198, 1500131262),
(3199, 1500131264),
(3200, 1500131535),
(3201, 1500131567),
(3202, 1500131575),
(3203, 1500131584),
(3204, 1500131608),
(3205, 1500131622),
(3206, 1500131705),
(3207, 1500131709),
(3208, 1500131711),
(3209, 1500131713),
(3210, 1500131948),
(3211, 1500131954),
(3212, 1500132020),
(3213, 1500132024),
(3214, 1500132027),
(3215, 1500132134),
(3216, 1500132160),
(3217, 1500132350),
(3218, 1500132356),
(3219, 1500132359),
(3220, 1500132361),
(3221, 1500132366),
(3222, 1500132371),
(3223, 1500132376),
(3224, 1500132381),
(3225, 1500132384),
(3226, 1500132403),
(3227, 1500132406),
(3228, 1500132411),
(3229, 1500132414),
(3230, 1500132479),
(3231, 1500132483),
(3232, 1500132485),
(3233, 1500132777),
(3234, 1500132779),
(3235, 1500132785),
(3236, 1500132788),
(3237, 1500132791),
(3238, 1500132791),
(3239, 1500132795),
(3240, 1500132797),
(3241, 1500132802),
(3242, 1500132804),
(3243, 1500132806),
(3244, 1500132810),
(3245, 1500133267),
(3246, 1500133314),
(3247, 1500133319),
(3248, 1500133323),
(3249, 1500133326),
(3250, 1500133365),
(3251, 1500133368),
(3252, 1500133371),
(3253, 1500133375),
(3254, 1500133378),
(3255, 1500133594),
(3256, 1500133595),
(3257, 1500135404),
(3258, 1500135410),
(3259, 1500135413),
(3260, 1500135417),
(3261, 1500135421),
(3262, 1500135426),
(3263, 1500135429),
(3264, 1500135431),
(3265, 1500135439),
(3266, 1500135641),
(3267, 1500135643),
(3268, 1500136733),
(3269, 1500136738),
(3270, 1500136742),
(3271, 1500136743),
(3272, 1500136748),
(3273, 1500136756),
(3274, 1500136757),
(3275, 1500136795),
(3276, 1500136797),
(3277, 1500136811),
(3278, 1500136818),
(3279, 1500136985),
(3280, 1500136987),
(3281, 1500136992),
(3282, 1500137001),
(3283, 1500137004),
(3284, 1500137031),
(3285, 1500137032),
(3286, 1500137036),
(3287, 1500137043),
(3288, 1500137046),
(3289, 1500137056),
(3290, 1500137065),
(3291, 1500137067),
(3292, 1500137077),
(3293, 1500137079),
(3294, 1500137179),
(3295, 1500137181),
(3296, 1500137184),
(3297, 1500137186),
(3298, 1500137188),
(3299, 1500137192),
(3300, 1500137204),
(3301, 1500137206),
(3302, 1500137210),
(3303, 1500137211),
(3304, 1500137213),
(3305, 1500137215),
(3306, 1500137216),
(3307, 1500137221),
(3308, 1500137227),
(3309, 1500137231),
(3310, 1500137250),
(3311, 1500137254),
(3312, 1500137257),
(3313, 1500137782),
(3314, 1500137787),
(3315, 1500137791),
(3316, 1500137796),
(3317, 1500137925),
(3318, 1500137935),
(3319, 1500137962),
(3320, 1500137965),
(3321, 1500137967),
(3322, 1500137972),
(3323, 1500137998),
(3324, 1500138041),
(3325, 1500138056),
(3326, 1500138059),
(3327, 1500138061),
(3328, 1500138146),
(3329, 1500138156),
(3330, 1500138308),
(3331, 1500138314),
(3332, 1500138319),
(3333, 1500138395),
(3334, 1500138398),
(3335, 1500138399),
(3336, 1500139519),
(3337, 1500139525),
(3338, 1500139602),
(3339, 1500139718),
(3340, 1500139923),
(3341, 1500139927),
(3342, 1500139932),
(3343, 1500139934),
(3344, 1500139936),
(3345, 1500139946),
(3346, 1500139964),
(3347, 1500139981),
(3348, 1500139984),
(3349, 1500140158),
(3350, 1500140165),
(3351, 1500140174),
(3352, 1500140221),
(3353, 1500140283),
(3354, 1500140512),
(3355, 1500140515),
(3356, 1500140518),
(3357, 1500140704),
(3358, 1500140708),
(3359, 1500140711),
(3360, 1500140811),
(3361, 1500140825),
(3362, 1500140827),
(3363, 1500140831),
(3364, 1500141002),
(3365, 1500141068),
(3366, 1500141073),
(3367, 1500141076),
(3368, 1500141122),
(3369, 1500141168),
(3370, 1500141171),
(3371, 1500141175),
(3372, 1500141264),
(3373, 1500141675),
(3374, 1500141856),
(3375, 1500142013),
(3376, 1500142017),
(3377, 1500142091),
(3378, 1500142094),
(3379, 1500142108),
(3380, 1500142622),
(3381, 1500142645),
(3382, 1500142647),
(3383, 1500142655),
(3384, 1500142660),
(3385, 1500142714),
(3386, 1500142766),
(3387, 1500142769),
(3388, 1500142774),
(3389, 1500142782),
(3390, 1500142786),
(3391, 1500142946),
(3392, 1500142948),
(3393, 1500142951),
(3394, 1500142996),
(3395, 1500143002),
(3396, 1500143006),
(3397, 1500143143),
(3398, 1500143165),
(3399, 1500143169),
(3400, 1500143172),
(3401, 1500143196),
(3402, 1500143199),
(3403, 1500143328),
(3404, 1500143350),
(3405, 1500143353),
(3406, 1500143355),
(3407, 1500143359),
(3408, 1500143361),
(3409, 1500143393),
(3410, 1500143394),
(3411, 1500143434),
(3412, 1500143435),
(3413, 1500143453),
(3414, 1500143455),
(3415, 1500143463),
(3416, 1500143465),
(3417, 1500143522),
(3418, 1500143540),
(3419, 1500143542),
(3420, 1500143558),
(3421, 1500143560),
(3422, 1500143561),
(3423, 1500143574),
(3424, 1500143600),
(3425, 1500143607),
(3426, 1500143649),
(3427, 1500143660),
(3428, 1500143674),
(3429, 1500143734),
(3430, 1500143739),
(3431, 1500143742),
(3432, 1500143747),
(3433, 1500143749),
(3434, 1500143751),
(3435, 1500143753),
(3436, 1500143755),
(3437, 1500143755),
(3438, 1500143759),
(3439, 1500143759),
(3440, 1500143806),
(3441, 1500143812),
(3442, 1500143815),
(3443, 1500143824),
(3444, 1500143827),
(3445, 1500143835),
(3446, 1500146918),
(3447, 1500168154),
(3448, 1500168179),
(3449, 1500168186),
(3450, 1500168263),
(3451, 1500168267),
(3452, 1500173580),
(3453, 1500174194),
(3454, 1500175941),
(3455, 1500190426),
(3456, 1500200886),
(3457, 1500200893),
(3458, 1500200896),
(3459, 1500200906),
(3460, 1500200911),
(3461, 1500200916),
(3462, 1500200919),
(3463, 1500200922),
(3464, 1500200924),
(3465, 1500200928),
(3466, 1500200931),
(3467, 1500200952),
(3468, 1500200957),
(3469, 1500200961),
(3470, 1500200962),
(3471, 1500262646),
(3472, 1500262776),
(3473, 1500262780),
(3474, 1500262783),
(3475, 1500262792),
(3476, 1500262797),
(3477, 1500262801),
(3478, 1500262805),
(3479, 1500262812),
(3480, 1500262872),
(3481, 1500262876),
(3482, 1500262879),
(3483, 1500262882),
(3484, 1500262889),
(3485, 1500263007),
(3486, 1500263011),
(3487, 1500263013),
(3488, 1500263018),
(3489, 1500263020),
(3490, 1500263024),
(3491, 1500263028),
(3492, 1500263033),
(3493, 1500263039),
(3494, 1500263042),
(3495, 1500263072),
(3496, 1500263223),
(3497, 1500263233),
(3498, 1500263242),
(3499, 1500263245),
(3500, 1500263248),
(3501, 1500263252),
(3502, 1500263384),
(3503, 1500265195),
(3504, 1500376649),
(3505, 1500376660),
(3506, 1500377514),
(3507, 1500377691),
(3508, 1500377879),
(3509, 1500377895),
(3510, 1500377899),
(3511, 1500377918),
(3512, 1500378013),
(3513, 1500378043),
(3514, 1500378117),
(3515, 1500378182),
(3516, 1500378185),
(3517, 1500378241),
(3518, 1500378255),
(3519, 1500378259),
(3520, 1500378261),
(3521, 1500378262),
(3522, 1500378282),
(3523, 1500378287),
(3524, 1500378289),
(3525, 1500378291),
(3526, 1500378298),
(3527, 1500378306),
(3528, 1500378319),
(3529, 1500378322),
(3530, 1500378325),
(3531, 1500378353),
(3532, 1500378385),
(3533, 1500378401),
(3534, 1500378409),
(3535, 1500378427),
(3536, 1500378429),
(3537, 1500378462),
(3538, 1500378463),
(3539, 1500378472),
(3540, 1500378508),
(3541, 1500378584),
(3542, 1500378611),
(3543, 1500378612),
(3544, 1500378723),
(3545, 1500378879),
(3546, 1500378882),
(3547, 1500378892),
(3548, 1500378911),
(3549, 1500378914),
(3550, 1500378981),
(3551, 1500379120),
(3552, 1500379194),
(3553, 1500379254),
(3554, 1500379365),
(3555, 1500379439),
(3556, 1500379443),
(3557, 1500379447),
(3558, 1500379448),
(3559, 1500379451),
(3560, 1500379461),
(3561, 1500379605),
(3562, 1500379606),
(3563, 1500379607),
(3564, 1500379664),
(3565, 1500379840),
(3566, 1500379842),
(3567, 1500379847),
(3568, 1500379855),
(3569, 1500379890),
(3570, 1500379911),
(3571, 1500379912),
(3572, 1500379931),
(3573, 1500380012),
(3574, 1500380062),
(3575, 1500380066),
(3576, 1500380208),
(3577, 1500380213),
(3578, 1500380216),
(3579, 1500380218),
(3580, 1500380309),
(3581, 1500380314),
(3582, 1500380333),
(3583, 1500380339),
(3584, 1500380363),
(3585, 1500380366),
(3586, 1500380371),
(3587, 1500380375),
(3588, 1500380382),
(3589, 1500380393),
(3590, 1500380402),
(3591, 1500380403),
(3592, 1500380412),
(3593, 1500380543),
(3594, 1500380548),
(3595, 1500380552),
(3596, 1500380557),
(3597, 1500380575),
(3598, 1500380589),
(3599, 1500380591),
(3600, 1500380594),
(3601, 1500380596),
(3602, 1500380606),
(3603, 1500380608),
(3604, 1500380623),
(3605, 1500380626),
(3606, 1500380780),
(3607, 1500380786),
(3608, 1500380787),
(3609, 1500380791),
(3610, 1500380929),
(3611, 1500380970),
(3612, 1500380971),
(3613, 1500380976),
(3614, 1500380978),
(3615, 1500381008),
(3616, 1500381029),
(3617, 1500381045),
(3618, 1500381047),
(3619, 1500381071),
(3620, 1500381098),
(3621, 1500381100),
(3622, 1500381102),
(3623, 1500381178),
(3624, 1500381180),
(3625, 1500381184),
(3626, 1500381186),
(3627, 1500381187),
(3628, 1500381197),
(3629, 1500381198),
(3630, 1500381206),
(3631, 1500381207),
(3632, 1500381249),
(3633, 1500381250),
(3634, 1500381269),
(3635, 1500381271),
(3636, 1500381296),
(3637, 1500381373),
(3638, 1500381375),
(3639, 1500381393),
(3640, 1500381448),
(3641, 1500381481),
(3642, 1500381482),
(3643, 1500381484),
(3644, 1500381488),
(3645, 1500381490),
(3646, 1500381494),
(3647, 1500381606),
(3648, 1500381615),
(3649, 1500430378),
(3650, 1500434291),
(3651, 1500434297),
(3652, 1500434299),
(3653, 1500456858),
(3654, 1500456862),
(3655, 1500456868),
(3656, 1500456903),
(3657, 1500456905),
(3658, 1500456910),
(3659, 1500456925),
(3660, 1500456929),
(3661, 1500456932),
(3662, 1500456935),
(3663, 1500457419),
(3664, 1500457420),
(3665, 1500466480),
(3666, 1500466484),
(3667, 1500466484),
(3668, 1500468158),
(3669, 1500469681),
(3670, 1500469857),
(3671, 1500469860),
(3672, 1500469863),
(3673, 1500469870),
(3674, 1500469897),
(3675, 1500470061),
(3676, 1500470068),
(3677, 1500470070),
(3678, 1500470071),
(3679, 1500470121),
(3680, 1500470180),
(3681, 1500470182),
(3682, 1500470185),
(3683, 1500470191),
(3684, 1500470193),
(3685, 1500470196),
(3686, 1500470201),
(3687, 1500470900),
(3688, 1500481715),
(3689, 1500482882),
(3690, 1500482885),
(3691, 1500482887),
(3692, 1500482887),
(3693, 1500482898),
(3694, 1500482904),
(3695, 1500482906),
(3696, 1500484367),
(3697, 1500485153),
(3698, 1500485155),
(3699, 1500485178),
(3700, 1500485181),
(3701, 1500499181),
(3702, 1500499181),
(3703, 1500499186),
(3704, 1500499189),
(3705, 1500499192),
(3706, 1500499194),
(3707, 1500499195),
(3708, 1500499197),
(3709, 1500499199),
(3710, 1500499200),
(3711, 1500499201),
(3712, 1500499202),
(3713, 1500499203),
(3714, 1500499204),
(3715, 1500499205),
(3716, 1500499207),
(3717, 1500499210),
(3718, 1500499212),
(3719, 1500499214),
(3720, 1500499216),
(3721, 1500499219),
(3722, 1500499221),
(3723, 1500499223),
(3724, 1500499224),
(3725, 1500499225),
(3726, 1500499226),
(3727, 1500499227),
(3728, 1500499228),
(3729, 1500499230),
(3730, 1500499230),
(3731, 1500499231),
(3732, 1500499232),
(3733, 1500499233),
(3734, 1500499234),
(3735, 1500499235),
(3736, 1500499236),
(3737, 1500499237),
(3738, 1500499239),
(3739, 1500499240),
(3740, 1500499242),
(3741, 1500499243),
(3742, 1500499245),
(3743, 1500499246),
(3744, 1500499247),
(3745, 1500499249),
(3746, 1500499250),
(3747, 1500510887),
(3748, 1500535859),
(3749, 1500544819),
(3750, 1500552708),
(3751, 1500650665),
(3752, 1500650746),
(3753, 1500650761),
(3754, 1500650774),
(3755, 1500651291),
(3756, 1500651300),
(3757, 1500651305),
(3758, 1500654267),
(3759, 1500658733),
(3760, 1500658743),
(3761, 1500658754),
(3762, 1500658756),
(3763, 1500658781),
(3764, 1500658786),
(3765, 1500658790),
(3766, 1500658801),
(3767, 1500658803),
(3768, 1500658809),
(3769, 1500658814),
(3770, 1500658817),
(3771, 1500658933),
(3772, 1500658936),
(3773, 1500658942),
(3774, 1500658944),
(3775, 1500658945),
(3776, 1500658946),
(3777, 1500658948),
(3778, 1500658950),
(3779, 1500672828),
(3780, 1500672889),
(3781, 1500672899),
(3782, 1500672903),
(3783, 1500672907),
(3784, 1500672932),
(3785, 1500672936),
(3786, 1500672944),
(3787, 1500672954),
(3788, 1500672987),
(3789, 1500672991),
(3790, 1500673013),
(3791, 1500673014),
(3792, 1500673025),
(3793, 1500673027),
(3794, 1500701265),
(3795, 1500701271),
(3796, 1500704613);

-- --------------------------------------------------------

--
-- Table structure for table `tb_mangxahoi`
--

CREATE TABLE `tb_mangxahoi` (
  `id` int(11) NOT NULL,
  `ten` text COLLATE utf8_unicode_ci NOT NULL,
  `duongdan` text COLLATE utf8_unicode_ci NOT NULL,
  `hinh` text COLLATE utf8_unicode_ci NOT NULL,
  `anhien` tinyint(4) NOT NULL
) ENGINE=InnoDB DEFAULT CHARSET=utf8 COLLATE=utf8_unicode_ci;

--
-- Dumping data for table `tb_mangxahoi`
--

INSERT INTO `tb_mangxahoi` (`id`, `ten`, `duongdan`, `hinh`, `anhien`) VALUES
(1, 'Facebook', 'https://www.facebook.com/', 'bt-1', 1),
(2, 'twitter', 'https://twitter.com/?lang=vi', 'bt-2', 1),
(3, 'google', 'https://plus.google.com/?hl=vi', 'bt-3', 1),
(4, 'youtube', 'https://www.youtube.com/watch?v=NDkgwGB6V6g', 'bt-4', 1);

-- --------------------------------------------------------

--
-- Table structure for table `tb_nhasx`
--

CREATE TABLE `tb_nhasx` (
  `id` varchar(225) COLLATE utf8_unicode_ci NOT NULL,
  `ten` text COLLATE utf8_unicode_ci NOT NULL,
  `mota` text COLLATE utf8_unicode_ci NOT NULL
) ENGINE=InnoDB DEFAULT CHARSET=utf8 COLLATE=utf8_unicode_ci;

--
-- Dumping data for table `tb_nhasx`
--

INSERT INTO `tb_nhasx` (`id`, `ten`, `mota`) VALUES
('1', 'iphone', 'Nhà cung cấp Apple'),
('2\r\n', 'samsung', 'Nhà cung cấp Samsung'),
('3', 'sony', 'Nhà cung cấp Sony'),
('4\r\n', 'lenovo', 'Nhà cung cấp Lenovo'),
('5', 'Xiaomi', 'Nhà cung cấp Xiaomi'),
('6', 'HTC', 'Nhà cung cấp HTC');

-- --------------------------------------------------------

--
-- Table structure for table `tb_nhomsp`
--

CREATE TABLE `tb_nhomsp` (
  `id` int(11) NOT NULL,
  `parentid` int(11) NOT NULL,
  `ten` text CHARACTER SET utf8 COLLATE utf8_unicode_ci NOT NULL,
  `duongdan` text CHARACTER SET utf8 COLLATE utf8_unicode_ci NOT NULL,
  `anhien` tinyint(4) NOT NULL
) ENGINE=InnoDB DEFAULT CHARSET=latin1;

--
-- Dumping data for table `tb_nhomsp`
--

INSERT INTO `tb_nhomsp` (`id`, `parentid`, `ten`, `duongdan`, `anhien`) VALUES
(1, 0, 'Iphone', 'iphone', 1),
(2, 0, 'sam sung', 'sam-sung', 1),
(3, 0, 'sony', 'sony', 1),
(5, 1, 'Iphone 7 Red', 'iphone-7-red', 1),
(6, 1, 'Iphone 7', 'iphone-7', 1),
(7, 2, 'sam sung s6', 'sam-sung-s6', 1),
(8, 3, 'sony xperia', 'sony-xperia', 1),
(9, 24, 'htc', 'htc', 1),
(10, 2, 'sam sung s7', 'sam-sung-s7', 1),
(11, 2, 'sam sung note', 'sam-sung-note', 1),
(12, 1, 'Iphone 5', 'iphone-5', 1),
(13, 1, 'Iphone 6', 'iphone-6', 1),
(14, 0, 'lenovo', 'lenovo', 1),
(15, 0, 'Xiaomi', 'xiaomi', 1),
(16, 15, 'red mi', 'red-mi', 1),
(17, 14, 'lenove vibe', 'lenovo-vibe', 1),
(18, 15, 'mi', 'mi', 1),
(19, 2, 'galaxy j', 'galaxy-j', 1),
(21, 2, 'dsdsadsa', 'dsdsadsa', 1),
(24, 0, 'hãng khác', 'hang-khac', 1),
(25, 24, 'nokia', 'nokia', 1);

-- --------------------------------------------------------

--
-- Table structure for table `tb_nhomtruycap`
--

CREATE TABLE `tb_nhomtruycap` (
  `id` int(11) NOT NULL,
  `captruycap` text CHARACTER SET utf8 COLLATE utf8_unicode_ci NOT NULL
) ENGINE=InnoDB DEFAULT CHARSET=latin1;

--
-- Dumping data for table `tb_nhomtruycap`
--

INSERT INTO `tb_nhomtruycap` (`id`, `captruycap`) VALUES
(0, 'Thành viên'),
(1, 'Quản trị');

-- --------------------------------------------------------

--
-- Table structure for table `tb_quangcao`
--

CREATE TABLE `tb_quangcao` (
  `id` int(11) NOT NULL,
  `ten` text COLLATE utf8_unicode_ci NOT NULL,
  `duongdan` text COLLATE utf8_unicode_ci NOT NULL,
  `hinh` text COLLATE utf8_unicode_ci NOT NULL,
  `anhien` tinyint(4) NOT NULL,
  `loai` text COLLATE utf8_unicode_ci NOT NULL
) ENGINE=InnoDB DEFAULT CHARSET=utf8 COLLATE=utf8_unicode_ci;

--
-- Dumping data for table `tb_quangcao`
--

INSERT INTO `tb_quangcao` (`id`, `ten`, `duongdan`, `hinh`, `anhien`, `loai`) VALUES
(1, 'Trái', 'aaa', 'images/uploads/adsleft-595f9c7e69e5f.jpg', 1, 'left'),
(2, 'Phải', 'bbb', 'images/uploads/adsright-595f9c8b1004d.jpg', 1, 'right');

-- --------------------------------------------------------

--
-- Table structure for table `tb_sanpham`
--

CREATE TABLE `tb_sanpham` (
  `id` int(11) NOT NULL,
  `idnhasx` varchar(225) COLLATE utf8_unicode_ci NOT NULL,
  `idnhomsp` int(11) NOT NULL,
  `ten` text COLLATE utf8_unicode_ci NOT NULL,
  `duongdan` text COLLATE utf8_unicode_ci NOT NULL,
  `hinh` text COLLATE utf8_unicode_ci NOT NULL,
  `hinhlienquan` text COLLATE utf8_unicode_ci NOT NULL,
  `ndtomtat` text COLLATE utf8_unicode_ci NOT NULL,
  `noidung` text COLLATE utf8_unicode_ci NOT NULL,
  `gia` text COLLATE utf8_unicode_ci NOT NULL,
  `thoigiannhap` text COLLATE utf8_unicode_ci NOT NULL,
  `anhien` tinyint(4) NOT NULL,
  `noibat` tinyint(4) NOT NULL
) ENGINE=InnoDB DEFAULT CHARSET=utf8 COLLATE=utf8_unicode_ci;

--
-- Dumping data for table `tb_sanpham`
--

INSERT INTO `tb_sanpham` (`id`, `idnhasx`, `idnhomsp`, `ten`, `duongdan`, `hinh`, `hinhlienquan`, `ndtomtat`, `noidung`, `gia`, `thoigiannhap`, `anhien`, `noibat`) VALUES
(1, '1', 13, 'Iphone 6 Plus Box Gold', 'iphone-6-plus-box-gold', 'images/product/iphone/iphone6/iphone6-plus-box-gold-2014.png', 'a', 'Iphone 6 Plus Box Gold\r\n<br />\r\nram 1G\r\n<br />\r\nGiá ưu đãi', '<p>Iphone 6 Plus Box Gold<br />\r\nram 1G<br />\r\nGiá ưu đãi</p>\r\n', '7000000', '1500131565', 1, 1),
(2, '1', 13, 'Iphone 6S Plus Lock 16Gb Likenew', 'iphone-6s-plus-lock-16gb-likenew', 'images/product/iphone/iphone6/iphone-6S-plus-lock-16Gb-likenew.jpg', 'a', 'Iphone 6S Plus Lock 16Gb Likenew', '<p>Iphone 6S Plus Lock 16Gb Likenew</p>\r\n\r\n<p>LikeNew</p>\r\n\r\n<p>CPU: 1.9GHz</p>\r\n\r\n<p>RAM: 1GB</p>\r\n', '1000', '1500181978', 1, 1),
(3, '1', 12, 'Iphone 5 Black', 'iphone-5-black', 'images/product/iphone/iphone5/ip5-Black.png', 'a', 'Iphone 5 Black', '<p>Iphone 5 Black</p>\r\n\r\n<p>RAM: 1GB</p>\r\n\r\n<p>CPU: 1.5GHz</p>\r\n\r\n<p>4.9 inch</p>\r\n', '7500000', '1500181804', 1, 0),
(4, '1', 12, 'Iphone 5C Green', 'iphone-5c-green', 'images/product/iphone/iphone5/ip5c-Green.png', 'a', 'Iphone 5C Green', '<p>Iphone 5C Green</p>\r\n\r\n<p>RAM: 1GB</p>\r\n\r\n<p>CPU: 1.5GHz</p>\r\n', '6000000', '1500181886', 1, 1),
(5, '1', 12, 'Iphone 5S Black', 'iphone-5s-black', 'images/product/iphone/iphone5/iPhone-5S-Black.gif', 'a', 'Iphone 5S Black', '<p>Iphone 5S Black</p>\r\n\r\n<p>RAM: 1GB</p>\r\n\r\n<p>CPU: 1.5GHz</p>\r\n', '5000000', '1500181968', 1, 1),
(7, '1', 6, 'Iphone 7 Black', 'iphone-7-black', 'images/product/iphone/iphone7/iphone-7-black.png', 'a', 'Iphone 7 Black', '<p>Iphone 7 Black</p>\r\n\r\n<p>LikeNew</p>\r\n\r\n<p>CPU: 1.9GHz</p>\r\n\r\n<p>RAM: 1GB</p>\r\n', '13500000', '1500182056', 1, 0),
(8, '1', 6, 'Iphone 7 Plus Jet Black', 'iphone-7-plus-jet-black', 'images/product/iphone/iphone7/iphone-7-plus-jet-black.png', 'a', 'Iphone 7 Plus Jet Black', '<p>Iphone 7 Plus Jet Black</p>\r\n\r\n<p>LikeNew</p>\r\n\r\n<p>CPU: 1.9GHz</p>\r\n\r\n<p>RAM: 1GB</p>\r\n', '14000000', '1500182176', 1, 0),
(9, '1', 13, 'Iphone 6S Plus 128Gb Likenew', 'iphone-6s-plus-128gb-likenew', '/images/product/iphone/iphone6/iphone-6S-plus-128Gb-likenew.png', 'a', 'Iphone 6S Plus 128Gb Likenew', '<p>Iphone 6S Plus 128Gb Likenew</p>\r\n\r\n<p>LikeNew</p>\r\n\r\n<p>CPU: 1.9GHz</p>\r\n\r\n<p>RAM: 1GB</p>\r\n', '6900000', '1500182233', 1, 1),
(11, '1', 17, 'Lenovo K80M Black', 'lenovo-k80m-black', '/images/product/lenovo/lenovo-k80m-black.jpg', 'a', 'Lenovo K80M Black', '<p>Lenovo K80M Black</p>\r\n\r\n<p>RAM: 2GB</p>\r\n\r\n<p>CPU: 1.8GHz</p>\r\n\r\n<p>FullHD</p>\r\n', '5490000', '1500182598', 1, 1),
(12, '1', 17, 'Lenovo Vibe P1C', 'lenovo-vibe-p1c', '/images/product/lenovo/lenovo-vibe-p1c.jpg', 'a', 'Lenovo Vibe P1C', '<p>Lenovo Vibe P1C</p>\r\n\r\n<p>RAM: 2GB</p>\r\n\r\n<p>CPU: 1.8GHz</p>\r\n\r\n<p>FullHD</p>\r\n', '5190000', '1500182691', 1, 0),
(14, '1', 16, 'Xiaomi Redmi 3x', 'xiaomi-redmi-3x', '/images/product/xiaomi/xiaomi-redmi-3x.jpg', 'a', 'Xiaomi Redmi 3x', '<p>Xiaomi Redmi 3x</p>\r\n\r\n<p>RAM: 2GB</p>\r\n\r\n<p>CPU: 1.9GHz</p>\r\n\r\n<p>Màn Hình: FullHD</p>\r\n', '3900000', '1500183003', 1, 1),
(15, '1', 16, 'Xiaomi Redmi 4', 'xiaomi-redmi-4', '/images/product/xiaomi/xiaomi-redmi-4.jpg', 'a', 'Xiaomi Redmi 4', '<p>Xiaomi Redmi 4</p>\r\n\r\n<p>RAM: 2GB</p>\r\n\r\n<p>CPU: 1.9GHz</p>\r\n\r\n<p>Màn Hình: FullHD</p>\r\n', '5190000', '1500183052', 1, 1),
(16, '1', 17, 'Lenovo Vibe Shot Z90', 'lenovo-vibe-shot-z90', '/images/product/lenovo/lenovo-vibe-shot-z90.png', 'a', 'Lenovo Vibe Shot Z90', '<p>Lenovo Vibe Shot Z90</p>\r\n\r\n<p>RAM: 2GB</p>\r\n\r\n<p>CPU: 1.8GHz</p>\r\n\r\n<p>FullHD</p>\r\n', '4900000', '1500182762', 1, 0),
(17, '1', 16, 'Xiaomi Redmi Note 4x', 'xiaomi-redmi-note-4x', '/images/product/xiaomi/xiaomi-redmi-note-4x.jpg', 'a', 'Xiaomi Redmi Note 4x', '<p>Xiaomi Redmi Note 4x</p>\r\n\r\n<p>RAM: 2GB</p>\r\n\r\n<p>CPU: 1.9GHz</p>\r\n\r\n<p>Màn Hình: FullHD</p>\r\n', '6000000', '1500183110', 1, 1),
(18, '1', 18, 'Xiaomi 4S', 'xiaomi-4s', '/images/product/xiaomi/xiaomi-4s.jpg', 'a', 'Xiaomi 4S', '<p>Xiaomi 4S</p>\r\n\r\n<p>RAM: 2GB</p>\r\n\r\n<p>CPU: 1.9GHz</p>\r\n\r\n<p>Màn Hình: FullHD</p>\r\n', '4190000', '1500183160', 1, 1),
(19, '1', 18, 'Xiaomi Mi4', 'xiaomi-mi4', '/images/product/xiaomi/xiaomi-mi4.png', 'a', 'Xiaomi Mi4', '<p>Xiaomi Mi4</p>\r\n\r\n<p>RAM: 2GB</p>\r\n\r\n<p>CPU: 1.9GHz</p>\r\n\r\n<p>Màn Hình: FullHD</p>\r\n', '4500000', '1500183212', 1, 1),
(20, '1', 18, 'Xiaomi Mi 5C', 'xiaomi-mi-5c', '/images/product/xiaomi/xiaomi-mi-5c.jpg', 'a', 'Xiaomi Mi 5C', '<p>Xiaomi Mi 5C</p>\r\n\r\n<p>RAM: 2GB</p>\r\n\r\n<p>CPU: 1.9GHz</p>\r\n\r\n<p>Màn Hình: FullHD</p>\r\n', '5000000', '1500183260', 1, 1),
(21, '1', 11, 'Samsung Galaxy Note 2', 'samsung-galaxy-note-2', '/images/product/samsung/samsung-galaxy-note-2.jpg', 'a', 'Samsung Galaxy Note 2', '<p>Samsung Galaxy Note 2</p>\r\n\r\n<p>RAM: 3GB</p>\r\n\r\n<p>CPU: 2.5GHz</p>\r\n\r\n<p>FullBox</p>\r\n', '7900000', '1500182446', 1, 1),
(22, '1', 11, 'Samsung Galaxy Note 5 Gold', 'samsung-galaxy-note-5-gold', '/images/product/samsung/samsung-galaxy-note-5-gold.png', 'a', 'Samsung Galaxy Note 5 Gold', '<p>Samsung Galaxy Note 5 Gold</p>\r\n\r\n<p>RAM: 3GB</p>\r\n\r\n<p>CPU: 2.5GHz</p>\r\n\r\n<p>FullBox</p>\r\n', '7850000', '1500182475', 1, 1),
(23, '1', 7, 'Samsung Galaxy S6 Edge Gold', 'samsung-galaxy-s6-edge-gold', '/images/product/samsung/samsung-galaxy-s6-edge-gold.png', 'a', 'Samsung Galaxy S6 Edge Gold', '<p>Samsung Galaxy S6 Edge Gold</p>\r\n\r\n<p>RAM: 3GB</p>\r\n\r\n<p>CPU: 2.5GHz</p>\r\n\r\n<p>FullBox</p>\r\n', '15900000', '1500182528', 1, 1),
(24, '1', 7, 'Samsung Galaxy S6 Edge Nhật', 'samsung-galaxy-s6-edge-nhat', '/images/product/samsung/samsung-galaxy-s6-edge-nhat.jpg', 'a', 'Samsung Galaxy S6 Edge Nhật', '<p>Samsung Galaxy S6 Edge Nhật</p>\r\n\r\n<p>RAM: 3GB</p>\r\n\r\n<p>CPU: 2.5GHz</p>\r\n\r\n<p>FullBox</p>\r\n', '14500000', '1500182249', 1, 1),
(25, '1', 7, 'Samsung Galaxy S6 My', 'samsung-galaxy-s6-my', '/images/product/samsung/samsung-galaxy-s6-my.jpg', 'a', 'Samsung Galaxy S6 My', '<p>Samsung Galaxy S6 My</p>\r\n\r\n<p>RAM: 3GB</p>\r\n\r\n<p>CPU: 2.0GHz</p>\r\n\r\n<p>5.5 inch</p>\r\n', '12500000', '1500136610', 1, 1),
(26, '1', 19, 'Samsung Galaxy J2 Prime', 'samsung-galaxy-j2-prime', '/images/product/samsung/samsung-galaxy-j2-prime.jpg', 'a', 'Samsung Galaxy J2 Prime', '<p>Samsung Galaxy J2 Prime</p>\r\n\r\n<p>RAM: 3GB</p>\r\n\r\n<p>CPU: 2.1GHz</p>\r\n\r\n<p>FullBox</p>\r\n', '13450000', '1500136495', 1, 1),
(27, '1', 19, 'Samsung Galaxy J7 Prime', 'samsung-galaxy-j7-prime', '/images/product/samsung/samsung-galaxy-j7-prime.jpg', 'a', 'Samsung Galaxy J7 Prime', '<p>Samsung Galaxy J7 Prime</p>\r\n\r\n<p>RAM: 3GB</p>\r\n\r\n<p>CPU: 2.2GHz</p>\r\n\r\n<p>FullHD</p>\r\n', '12350000', '1500136371', 1, 1),
(28, '1', 19, 'Samsung Galaxy C9 Pro', 'samsung-galaxy-c9-pro', '/images/product/samsung/samsung-galaxy-c9-pro.png', 'a', 'Samsung Galaxy C9 Pro', '<p>Samsung Galaxy C9 Pro</p>\r\n\r\n<p>Ram: 3GB</p>\r\n\r\n<p>CPU: 2GHz</p>\r\n\r\n<p>FullHD</p>\r\n', '9900000', '1500136265', 1, 1),
(29, '1', 10, 'Samsung Galaxy S7 Edge ', 'samsung-galaxy-s7-edge', '/images/product/samsung/samsung-galaxy-s7-edge.png', 'a', 'Samsung Galaxy S7 Edge ', '<p>Samsung Galaxy S7 Edge</p>\r\n\r\n<p>RAM: 4GB</p>\r\n\r\n<p>CPU: 2.5GHz</p>\r\n\r\n<p>FullHD</p>\r\n', '15600000', '1500135405', 1, 1),
(30, '1', 10, 'Samsung Galaxy S7 Edge Xanh', 'samsung-galaxy-s7-edge-xanh', '/images/product/samsung/samsung-galaxy-s7-edge-xanh.jpg', 'a', 'Samsung Galaxy S7 Edge Xanh', '<p>Samsung Galaxy S7 Edge Xanh</p>\r\n\r\n<p>RAM: 4GB</p>\r\n\r\n<p>CPU: 2.5GHz</p>\r\n\r\n<p>FullHD</p>\r\n', '17800000', '1500133874', 1, 1),
(31, '1', 8, 'Sony Xperia X', 'sony-xperia-x', '/images/product/sony/sony-xperia-x.jpg', 'b', 'Sony Xperia X', '<p>Sony Xperia X</p>\r\n\r\n<p>RAM: 2GB</p>\r\n\r\n<p>CPU: 1.5GHz</p>\r\n\r\n<p>FULLHD</p>\r\n', '4350000', '1500133609', 1, 1),
(32, '1', 8, 'Sony Xperia Z5', 'sony-xperia-z5', '/images/product/sony/sony-xperia-z5.png', 'c', 'Sony Xperia Z5', '<p>Sony Xperia Z5</p>\r\n\r\n<p>RAM: 2GB</p>\r\n\r\n<p>CPU: 1.5GHz</p>\r\n\r\n<p>FULLHD</p>\r\n', '5000000', '1500133519', 1, 1),
(33, '1', 8, 'Sony Z1 Compact', 'sony-z1-compact', '/images/product/sony/sony-z1-compact.jpg', 'd', 'Sony Z1 Compact', '<p>Sony Z1 Compact</p>\r\n\r\n<p>Ram: 1.5GB</p>\r\n\r\n<p>CPU: 1.5GHz</p>\r\n\r\n<p>FullHD</p>\r\n', '3600000', '1500133416', 1, 1),
(34, '1', 8, 'Sony Z3 Version', 'sony-z3-version', '/images/product/sony/sony-z3-verizon.jpg', 'e', 'Sony Z3 Version', '<p>Sony Z3 Version</p>\r\n\r\n<p>Ram: 1.5GB</p>\r\n\r\n<p>CPU: 1.5GHz</p>\r\n\r\n<p>FullHD</p>\r\n', '3700000', '1500133314', 1, 1),
(35, '1', 9, 'HTC One A9', 'htc-one-a9', '/images/product/htc/htc-one-a9.png', 'a', 'HTC One A9', '<p>HTC One A9</p>\r\n\r\n<p>Ram: 2GB</p>\r\n\r\n<p>CPU: 1.5GHz</p>\r\n\r\n<p>Màn hình 5.4 inch fullHD</p>\r\n', '6700000', '1500133196', 1, 1),
(36, '1', 9, 'HTC One E9', 'htc-one-e9', '/images/product/htc/htc-one-e9.png', 'a', 'HTC One E9', '<p>HTC One E9</p>\r\n\r\n<p>Ram: 2GB</p>\r\n\r\n<p>Độ phân giải: FullHD</p>\r\n\r\n<p>CPU: 1.7GHz</p>\r\n', '6500000', '1500133066', 1, 1),
(37, '1', 9, 'HTC One M7', 'htc-one-m7', '/images/product/htc/htc-one-m7.png', 'a', 'HTC One M7', '<p>HTC One M7</p>\r\n\r\n<p>Ram: 3GB</p>\r\n\r\n<p>Màn Hình: 5.4 inch</p>\r\n\r\n<p>Chip MKT3656</p>\r\n\r\n<p>CPU: 1.5GHz</p>\r\n', '5600000', '1500132855', 1, 1),
(38, '1', 9, 'HTC One M8', 'htc-one-m8', '/images/product/htc/htc-one-m8.png', 'a', 'HTC One M8', '<p>RAM: 3GB</p>\r\n\r\n<p>CPU : 1.8 GHz</p>\r\n\r\n<p>Màn Hình: 5.5 inch</p>\r\n\r\n<p>Fullbox 100%</p>\r\n', '6800000', '1500132683', 1, 1),
(43, '1', 25, 'nokia 1080', 'nokia-1080', 'images/uploads/product-596df39790cad.jpg', '', 'nokia 1080', '<p>RAM : 2GB</p>\r\n\r\n<p>CPU : 1.5GHz</p>\r\n\r\n<p>Màn hình : 5.0 inch</p>\r\n', '5000000', '1500378007', 1, 1);

-- --------------------------------------------------------

--
-- Table structure for table `tb_sliders`
--

CREATE TABLE `tb_sliders` (
  `id` int(11) NOT NULL,
  `ten` text COLLATE utf8_unicode_ci NOT NULL,
  `duongdan` text COLLATE utf8_unicode_ci NOT NULL,
  `hinh` text CHARACTER SET utf32 COLLATE utf32_unicode_ci NOT NULL,
  `noidung` text COLLATE utf8_unicode_ci NOT NULL,
  `anhien` tinyint(4) NOT NULL,
  `stt` tinyint(4) NOT NULL
) ENGINE=InnoDB DEFAULT CHARSET=utf8 COLLATE=utf8_unicode_ci;

--
-- Dumping data for table `tb_sliders`
--

INSERT INTO `tb_sliders` (`id`, `ten`, `duongdan`, `hinh`, `noidung`, `anhien`, `stt`) VALUES
(1, 'NOTE 5 CHÍNH HÃNG-GIÁ RẺ BẤT NGỜ', 'test', 'images/uploads/slide-595d42695b473.jpg', 'a', 1, 1),
(2, 'XẢ HÀNG TỒN KHO-KHÔNG LO VỀ GIÁ', 'test', 'images/slider/1.png', 'a', 1, 1),
(3, 'HÀNG HOT SONY Z4 CHỈ BẰNG GIÁ SONY Z3', 'test', 'images/slider/Untitled-1-1.jpg', 'a', 1, 1),
(4, 'ĐẠI TIỆC IPHONE 6 - GIÁ QUỐC TẾ BẰNG GIÁ LOCK', 'test', 'images/slider/DAITIEC-1.jpg', 'a', 1, 1),
(5, 'ĐẶT HÀNG NOTE 7R - CAM KẾT GIÁ RẺ NHẤT', 'test', 'images/slider/banner-web-cb-09-2.jpg', 'a', 1, 1),
(6, 'BLACKBERRY 9930-MỚI 100% FULLBOX', 'test', 'images/slider/9930.jpg', 'a', 1, 1);

-- --------------------------------------------------------

--
-- Table structure for table `tb_taikhoan`
--

CREATE TABLE `tb_taikhoan` (
  `id` bigint(11) NOT NULL,
  `tentaikhoan` text COLLATE utf8_unicode_ci NOT NULL,
  `matkhau` text COLLATE utf8_unicode_ci NOT NULL,
  `hinh` text COLLATE utf8_unicode_ci NOT NULL,
  `email` text CHARACTER SET latin1 NOT NULL,
  `hoten` text COLLATE utf8_unicode_ci NOT NULL,
  `sdt` text COLLATE utf8_unicode_ci NOT NULL,
  `diachi` text COLLATE utf8_unicode_ci NOT NULL,
  `gioitinh` int(11) NOT NULL,
  `idnhom` int(11) NOT NULL
) ENGINE=InnoDB DEFAULT CHARSET=utf8 COLLATE=utf8_unicode_ci;

--
-- Dumping data for table `tb_taikhoan`
--

INSERT INTO `tb_taikhoan` (`id`, `tentaikhoan`, `matkhau`, `hinh`, `email`, `hoten`, `sdt`, `diachi`, `gioitinh`, `idnhom`) VALUES
(1, 'admin', '356a192b7913b04c54574d18c28d46e6395428ab', '', 'admin@thanhthaimobile.site', 'Admin', '113', 'Dưới gầm cầu', 0, 1),
(2, 'takeski', '356a192b7913b04c54574d18c28d46e6395428ab', '', 'doanquocthai.pc@gmail.com', 'Đoàn Quốc Thái', '0962104699', '53/7c kp2 tân thới nhất quận 12', 0, 0),
(4, 'nmt95', '7c4a8d09ca3762af61e59520943dc26494f8941b', '', 'thanh@gmail.com', 'thanh', '0987123456', 'gò vấp', 0, 0);

-- --------------------------------------------------------

--
-- Table structure for table `tb_thongtin`
--

CREATE TABLE `tb_thongtin` (
  `id` int(11) NOT NULL,
  `ten` text COLLATE utf8_unicode_ci NOT NULL,
  `slogan` text COLLATE utf8_unicode_ci NOT NULL,
  `emailcty` text COLLATE utf8_unicode_ci NOT NULL,
  `emailgui` text COLLATE utf8_unicode_ci NOT NULL,
  `matkhauemail` text COLLATE utf8_unicode_ci NOT NULL,
  `diachi` text COLLATE utf8_unicode_ci NOT NULL,
  `sdt` text COLLATE utf8_unicode_ci NOT NULL,
  `hotline` text COLLATE utf8_unicode_ci NOT NULL,
  `location` text COLLATE utf8_unicode_ci NOT NULL,
  `linkweb` text COLLATE utf8_unicode_ci NOT NULL,
  `gioihantien` text COLLATE utf8_unicode_ci NOT NULL,
  `title` text COLLATE utf8_unicode_ci NOT NULL,
  `keywords` text COLLATE utf8_unicode_ci NOT NULL,
  `description` text COLLATE utf8_unicode_ci NOT NULL,
  `analytics` text COLLATE utf8_unicode_ci NOT NULL,
  `vchat` text COLLATE utf8_unicode_ci NOT NULL,
  `meta` text COLLATE utf8_unicode_ci NOT NULL,
  `scripttop` text COLLATE utf8_unicode_ci NOT NULL,
  `scriptbottom` text COLLATE utf8_unicode_ci NOT NULL
) ENGINE=InnoDB DEFAULT CHARSET=utf8 COLLATE=utf8_unicode_ci;

--
-- Dumping data for table `tb_thongtin`
--

INSERT INTO `tb_thongtin` (`id`, `ten`, `slogan`, `emailcty`, `emailgui`, `matkhauemail`, `diachi`, `sdt`, `hotline`, `location`, `linkweb`, `gioihantien`, `title`, `keywords`, `description`, `analytics`, `vchat`, `meta`, `scripttop`, `scriptbottom`) VALUES
(1, 'Thành Thái Mobile', 'Khách hàng là thượng đế', 'doanquocthai22@gmail.com', 'doanquocthai22@gmail.com', 'anhthai22', 'Dưới gầm cầu', '0962104699', '0987169740', '10.8350497,106.618172', 'https://thanhthaimobile.site/', '100000000', 'Thành Thái Mobile', 'Thành Thái Mobile', 'Thành Thái Mobile', '', '', '', '', '');

-- --------------------------------------------------------

--
-- Table structure for table `tb_video`
--

CREATE TABLE `tb_video` (
  `id` int(11) NOT NULL,
  `ten` text COLLATE utf8_unicode_ci NOT NULL,
  `video` text CHARACTER SET latin1 NOT NULL
) ENGINE=InnoDB DEFAULT CHARSET=utf8 COLLATE=utf8_unicode_ci;

--
-- Dumping data for table `tb_video`
--

INSERT INTO `tb_video` (`id`, `ten`, `video`) VALUES
(1, '', 'https://www.youtube.com/embed/zVU7JFwBfRo'),
(2, '', 'https://www.youtube.com/embed/rlgCWEHIA6Q'),
(3, '', 'https://www.youtube.com/embed/kGNWz1XGgTQ'),
(4, '', 'https://www.youtube.com/embed/LB4iw22pGk4');

--
-- Indexes for dumped tables
--

--
-- Indexes for table `tb_baiviet`
--
ALTER TABLE `tb_baiviet`
  ADD PRIMARY KEY (`id`);

--
-- Indexes for table `tb_chitietdonhang`
--
ALTER TABLE `tb_chitietdonhang`
  ADD PRIMARY KEY (`idchitietdonhang`),
  ADD KEY `idsanpham` (`idsanpham`);

--
-- Indexes for table `tb_donhang`
--
ALTER TABLE `tb_donhang`
  ADD PRIMARY KEY (`id`),
  ADD KEY `idtaikhoan` (`idtaikhoan`);

--
-- Indexes for table `tb_hinhanh`
--
ALTER TABLE `tb_hinhanh`
  ADD PRIMARY KEY (`id`);

--
-- Indexes for table `tb_khohang`
--
ALTER TABLE `tb_khohang`
  ADD PRIMARY KEY (`id`),
  ADD KEY `idsanpham` (`idsanpham`);

--
-- Indexes for table `tb_luottruycap`
--
ALTER TABLE `tb_luottruycap`
  ADD PRIMARY KEY (`id`);

--
-- Indexes for table `tb_mangxahoi`
--
ALTER TABLE `tb_mangxahoi`
  ADD PRIMARY KEY (`id`);

--
-- Indexes for table `tb_nhasx`
--
ALTER TABLE `tb_nhasx`
  ADD PRIMARY KEY (`id`);

--
-- Indexes for table `tb_nhomsp`
--
ALTER TABLE `tb_nhomsp`
  ADD PRIMARY KEY (`id`);

--
-- Indexes for table `tb_nhomtruycap`
--
ALTER TABLE `tb_nhomtruycap`
  ADD PRIMARY KEY (`id`),
  ADD UNIQUE KEY `id` (`id`),
  ADD UNIQUE KEY `a` (`id`);

--
-- Indexes for table `tb_quangcao`
--
ALTER TABLE `tb_quangcao`
  ADD PRIMARY KEY (`id`);

--
-- Indexes for table `tb_sanpham`
--
ALTER TABLE `tb_sanpham`
  ADD PRIMARY KEY (`id`),
  ADD KEY `iddanhmuc` (`idnhomsp`),
  ADD KEY `idnhomsp` (`idnhomsp`),
  ADD KEY `idnhasx` (`idnhasx`);

--
-- Indexes for table `tb_sliders`
--
ALTER TABLE `tb_sliders`
  ADD PRIMARY KEY (`id`);

--
-- Indexes for table `tb_taikhoan`
--
ALTER TABLE `tb_taikhoan`
  ADD PRIMARY KEY (`id`),
  ADD KEY `idnhom` (`idnhom`);

--
-- Indexes for table `tb_thongtin`
--
ALTER TABLE `tb_thongtin`
  ADD PRIMARY KEY (`id`);

--
-- Indexes for table `tb_video`
--
ALTER TABLE `tb_video`
  ADD PRIMARY KEY (`id`);

--
-- AUTO_INCREMENT for dumped tables
--

--
-- AUTO_INCREMENT for table `tb_baiviet`
--
ALTER TABLE `tb_baiviet`
  MODIFY `id` int(11) NOT NULL AUTO_INCREMENT, AUTO_INCREMENT=13;
--
-- AUTO_INCREMENT for table `tb_donhang`
--
ALTER TABLE `tb_donhang`
  MODIFY `id` bigint(20) NOT NULL AUTO_INCREMENT, AUTO_INCREMENT=91;
--
-- AUTO_INCREMENT for table `tb_hinhanh`
--
ALTER TABLE `tb_hinhanh`
  MODIFY `id` int(11) NOT NULL AUTO_INCREMENT, AUTO_INCREMENT=3;
--
-- AUTO_INCREMENT for table `tb_khohang`
--
ALTER TABLE `tb_khohang`
  MODIFY `id` int(11) NOT NULL AUTO_INCREMENT, AUTO_INCREMENT=282;
--
-- AUTO_INCREMENT for table `tb_luottruycap`
--
ALTER TABLE `tb_luottruycap`
  MODIFY `id` int(11) NOT NULL AUTO_INCREMENT, AUTO_INCREMENT=3797;
--
-- AUTO_INCREMENT for table `tb_mangxahoi`
--
ALTER TABLE `tb_mangxahoi`
  MODIFY `id` int(11) NOT NULL AUTO_INCREMENT, AUTO_INCREMENT=7;
--
-- AUTO_INCREMENT for table `tb_nhomsp`
--
ALTER TABLE `tb_nhomsp`
  MODIFY `id` int(11) NOT NULL AUTO_INCREMENT, AUTO_INCREMENT=26;
--
-- AUTO_INCREMENT for table `tb_nhomtruycap`
--
ALTER TABLE `tb_nhomtruycap`
  MODIFY `id` int(11) NOT NULL AUTO_INCREMENT, AUTO_INCREMENT=3;
--
-- AUTO_INCREMENT for table `tb_quangcao`
--
ALTER TABLE `tb_quangcao`
  MODIFY `id` int(11) NOT NULL AUTO_INCREMENT, AUTO_INCREMENT=5;
--
-- AUTO_INCREMENT for table `tb_sanpham`
--
ALTER TABLE `tb_sanpham`
  MODIFY `id` int(11) NOT NULL AUTO_INCREMENT, AUTO_INCREMENT=46;
--
-- AUTO_INCREMENT for table `tb_sliders`
--
ALTER TABLE `tb_sliders`
  MODIFY `id` int(11) NOT NULL AUTO_INCREMENT, AUTO_INCREMENT=8;
--
-- AUTO_INCREMENT for table `tb_taikhoan`
--
ALTER TABLE `tb_taikhoan`
  MODIFY `id` bigint(11) NOT NULL AUTO_INCREMENT, AUTO_INCREMENT=7;
--
-- AUTO_INCREMENT for table `tb_thongtin`
--
ALTER TABLE `tb_thongtin`
  MODIFY `id` int(11) NOT NULL AUTO_INCREMENT, AUTO_INCREMENT=2;
--
-- AUTO_INCREMENT for table `tb_video`
--
ALTER TABLE `tb_video`
  MODIFY `id` int(11) NOT NULL AUTO_INCREMENT, AUTO_INCREMENT=5;
--
-- Constraints for dumped tables
--

--
-- Constraints for table `tb_chitietdonhang`
--
ALTER TABLE `tb_chitietdonhang`
  ADD CONSTRAINT `tb_chitietdonhang_ibfk_1` FOREIGN KEY (`idsanpham`) REFERENCES `tb_sanpham` (`id`),
  ADD CONSTRAINT `tb_chitietdonhang_ibfk_2` FOREIGN KEY (`idchitietdonhang`) REFERENCES `tb_donhang` (`id`);

--
-- Constraints for table `tb_khohang`
--
ALTER TABLE `tb_khohang`
  ADD CONSTRAINT `tb_khohang_ibfk_1` FOREIGN KEY (`idsanpham`) REFERENCES `tb_sanpham` (`id`);

--
-- Constraints for table `tb_sanpham`
--
ALTER TABLE `tb_sanpham`
  ADD CONSTRAINT `tb_sanpham_ibfk_2` FOREIGN KEY (`idnhasx`) REFERENCES `tb_nhasx` (`id`),
  ADD CONSTRAINT `tb_sanpham_ibfk_3` FOREIGN KEY (`idnhomsp`) REFERENCES `tb_nhomsp` (`id`);

--
-- Constraints for table `tb_taikhoan`
--
ALTER TABLE `tb_taikhoan`
  ADD CONSTRAINT `fk_group` FOREIGN KEY (`idnhom`) REFERENCES `tb_nhomtruycap` (`id`);
COMMIT;

/*!40101 SET CHARACTER_SET_CLIENT=@OLD_CHARACTER_SET_CLIENT */;
/*!40101 SET CHARACTER_SET_RESULTS=@OLD_CHARACTER_SET_RESULTS */;
/*!40101 SET COLLATION_CONNECTION=@OLD_COLLATION_CONNECTION */;
